0.0,0.0,0.0,0.0,0.0,0.0,0.0,0.0,0.0,0.0,0.0,0.0,0.0,0.0,0.0,0.0,0.0,0.0,0.0,0.0,0.0,0.0,0.0,0.0,0.0,0.0,0.0,0.0,0.0,0.0,0.0,0.0,0.0,0.0,0.0,0.0,0.0,0.0,0.0,0.0,0.0,0.0,0.0,0.0,0.0,0.0,0.0,0.0,0.0,0.0,0.0,0.0,0.0,0.0,0.0,0.0,0.0,0.0,0.0,0.0
0.0,0.0,0.0,0.0,0.0,0.0,0.0,0.0,0.0,0.0,0.0,0.0,0.0,0.0,24.93,25.049,24.898,24.904,24.871,0.0,0.0,0.0,0.0,0.0,0.0,0.0,0.0,0.0,0.0,0.0,0.0,0.0,0.0,0.0,0.0,0.0,0.0,0.0,0.0,0.0,0.0,0.0,0.0,0.0,0.0,0.0,0.0,0.0,0.0,0.0,0.0,0.0,0.0,0.0,0.0,0.0,0.0,0.0,0.0,0.0
0.0,0.0,0.0,0.0,0.0,0.0,0.0,0.0,0.0,0.0,0.0,0.0,25.194,25.226,25.194,25.113,25.102,25.113,25.0,24.904,24.817,24.844,0.0,0.0,0.0,0.0,0.0,0.0,0.0,0.0,0.0,0.0,0.0,0.0,0.0,0.0,0.0,0.0,0.0,0.0,0.0,0.0,0.0,0.0,0.0,0.0,0.0,0.0,0.0,0.0,0.0,0.0,0.0,0.0,0.0,0.0,0.0,0.0,0.0,0.0
0.0,0.0,0.0,0.0,0.0,0.0,0.0,0.0,0.0,0.0,0.0,25.215,25.339,25.253,25.333,25.183,25.183,25.167,25.113,25.07,24.909,25.113,25.027,0.0,0.0,0.0,0.0,0.0,0.0,0.0,0.0,0.0,0.0,0.0,0.0,0.0,0.0,0.0,0.0,0.0,0.0,0.0,0.0,0.0,0.0,0.0,0.0,0.0,0.0,0.0,0.0,0.0,0.0,0.0,0.0,0.0,0.0,0.0,0.0,0.0
0.0,0.0,0.0,0.0,0.0,0.0,0.0,0.0,0.0,0.0,24.001,25.36,25.451,25.478,25.349,25.322,25.365,25.204,25.156,25.194,25.113,25.194,25.162,24.93,0.0,0.0,0.0,0.0,0.0,0.0,0.0,0.0,0.0,0.0,0.0,0.0,0.0,0.0,0.0,0.0,0.0,0.0,0.0,0.0,0.0,0.0,0.0,0.0,0.0,0.0,0.0,0.0,0.0,0.0,0.0,0.0,0.0,0.0,0.0,0.0
0.0,0.0,0.0,0.0,0.0,0.0,0.0,0.0,0.0,24.061,25.108,25.451,25.579,25.478,25.494,25.408,25.456,25.355,25.317,25.36,25.183,25.14,25.162,25.06,0.0,0.0,0.0,0.0,0.0,0.0,0.0,0.0,0.0,0.0,0.0,0.0,0.0,0.0,0.0,0.0,0.0,0.0,0.0,0.0,0.0,0.0,0.0,0.0,0.0,0.0,0.0,0.0,0.0,0.0,0.0,0.0,0.0,0.0,0.0,0.0
0.0,0.0,0.0,0.0,0.0,0.0,0.0,0.0,23.713,25.156,25.387,25.628,25.531,25.521,25.414,25.483,25.403,25.462,25.467,25.376,25.221,25.28,25.349,25.226,24.995,22.729,0.0,0.0,0.0,0.0,0.0,0.0,0.0,0.0,0.0,0.0,0.0,0.0,0.0,0.0,0.0,0.0,0.0,0.0,0.0,0.0,0.0,0.0,0.0,0.0,0.0,0.0,0.0,0.0,0.0,0.0,0.0,0.0,0.0,0.0
0.0,0.0,0.0,0.0,0.0,0.0,0.0,0.0,25.092,25.349,25.59,25.697,25.665,25.59,25.558,25.531,25.472,25.414,25.446,25.397,25.317,25.317,25.387,25.478,25.124,24.039,24.429,24.299,24.353,24.315,24.18,0.0,0.0,0.0,0.0,0.0,0.0,0.0,0.0,0.0,0.0,0.0,0.0,0.0,0.0,0.0,0.0,0.0,0.0,0.0,0.0,0.0,0.0,0.0,0.0,0.0,0.0,0.0,0.0,0.0
0.0,0.0,0.0,0.0,0.0,0.0,0.0,25.022,25.59,25.729,25.756,25.708,25.836,25.686,25.585,25.531,25.526,25.515,25.44,25.376,25.263,25.408,25.456,25.606,25.231,24.774,24.672,24.537,24.478,24.37,24.364,24.321,24.272,0.0,0.0,0.0,0.0,0.0,0.0,0.0,0.0,0.0,0.0,0.0,0.0,0.0,0.0,0.0,0.0,0.0,0.0,0.0,0.0,0.0,0.0,0.0,0.0,0.0,0.0,0.0
0.0,0.0,0.0,0.0,0.0,0.0,0.0,25.365,25.676,25.74,25.804,25.697,25.67,25.692,25.665,25.633,25.702,25.494,25.531,25.569,25.51,25.51,25.51,25.558,25.253,24.834,24.645,24.553,24.467,24.364,24.375,24.532,24.364,24.326,0.0,0.0,0.0,0.0,0.0,0.0,0.0,0.0,0.0,0.0,0.0,0.0,0.0,0.0,0.0,0.0,0.0,0.0,0.0,0.0,0.0,0.0,0.0,0.0,0.0,0.0
0.0,0.0,0.0,0.0,0.0,0.0,25.526,25.66,25.697,25.686,25.745,25.724,25.729,25.809,25.697,25.617,25.521,25.692,25.553,25.499,25.472,25.483,25.649,25.708,25.108,24.855,24.645,24.526,24.532,24.467,24.548,24.532,24.494,24.234,24.391,24.05,24.359,24.44,24.521,0.0,0.0,0.0,0.0,0.0,0.0,0.0,0.0,0.0,0.0,0.0,0.0,0.0,0.0,0.0,0.0,0.0,0.0,0.0,0.0,0.0
0.0,0.0,0.0,0.0,0.0,0.0,25.66,25.718,25.681,25.74,25.756,25.724,25.772,25.67,25.809,25.697,25.654,25.595,25.569,25.558,25.472,25.531,25.788,25.718,25.269,24.828,24.828,24.634,24.672,24.569,24.478,24.564,24.418,24.434,24.591,24.769,24.688,24.623,24.499,24.315,24.315,0.0,0.0,0.0,0.0,0.0,0.0,0.0,0.0,0.0,0.0,0.0,0.0,0.0,0.0,0.0,0.0,0.0,0.0,0.0
0.0,0.0,0.0,0.0,0.0,0.0,25.756,25.862,25.82,25.82,25.82,25.724,25.777,25.809,25.638,25.595,25.686,25.644,25.617,25.638,25.521,25.606,25.83,25.702,25.183,24.963,24.817,24.667,24.683,24.747,24.618,24.58,24.553,24.553,24.623,24.65,24.909,24.92,24.677,24.521,24.505,24.451,24.402,0.0,0.0,0.0,0.0,0.0,0.0,0.0,0.0,0.0,0.0,0.0,0.0,0.0,0.0,0.0,0.0,0.0
0.0,0.0,0.0,0.0,0.0,25.745,25.793,25.756,25.846,25.798,25.74,25.713,25.649,25.649,25.66,25.59,25.628,25.798,25.649,25.617,25.617,25.761,25.804,25.99,25.873,25.349,25.129,24.952,24.72,24.764,24.747,24.661,24.704,24.575,24.521,24.947,24.974,24.909,24.812,24.742,24.461,24.418,24.386,0.0,0.0,0.0,0.0,0.0,0.0,0.0,0.0,0.0,0.0,0.0,0.0,0.0,0.0,0.0,0.0,0.0
0.0,0.0,0.0,0.0,0.0,25.462,25.676,25.66,25.766,25.804,25.836,25.777,25.713,25.665,25.606,25.665,25.665,25.681,25.724,25.734,25.724,25.654,25.868,26.283,25.83,25.376,25.178,24.947,24.92,24.968,24.715,24.834,24.774,24.747,24.785,25.049,24.974,24.699,24.855,24.731,24.499,24.564,24.618,24.37,0.0,0.0,0.0,0.0,0.0,0.0,0.0,0.0,0.0,0.0,0.0,0.0,0.0,0.0,0.0,0.0
0.0,0.0,0.0,0.0,0.0,25.595,25.804,25.74,25.734,25.756,25.74,25.686,25.724,25.734,25.676,25.67,25.569,25.676,25.585,25.777,25.745,25.654,26.166,26.315,26.06,25.467,25.306,25.119,25.135,24.979,24.871,24.893,24.817,24.764,24.952,25.365,25.124,24.882,24.807,24.764,24.753,24.623,24.618,24.407,0.0,0.0,0.0,0.0,0.0,0.0,0.0,0.0,0.0,0.0,0.0,0.0,0.0,0.0,0.0,0.0
0.0,0.0,0.0,0.0,0.0,25.579,25.729,25.766,25.846,25.809,25.75,25.601,25.67,25.644,25.638,25.665,25.697,25.734,25.697,25.745,25.825,25.814,26.421,26.675,26.049,25.595,25.408,25.328,25.135,25.076,25.027,25.017,25.022,25.221,25.59,25.638,25.269,25.049,24.941,24.78,24.699,24.764,24.785,24.18,0.0,0.0,0.0,0.0,0.0,0.0,0.0,0.0,0.0,0.0,0.0,0.0,0.0,0.0,0.0,0.0
0.0,0.0,0.0,0.0,25.365,25.611,25.713,25.713,25.734,25.793,25.67,25.74,25.686,25.75,25.793,25.617,25.756,25.734,25.804,25.83,25.916,26.017,26.522,26.596,26.187,25.852,25.606,25.526,25.092,25.21,25.006,25.017,25.333,25.697,25.974,25.622,25.253,25.081,25.054,24.866,24.839,25.011,24.925,23.767,23.947,24.202,24.213,0.0,0.0,0.0,0.0,0.0,0.0,0.0,0.0,0.0,0.0,0.0,0.0,0.0
0.0,0.0,0.0,0.0,25.424,25.734,25.718,25.83,25.756,25.793,25.697,25.734,25.814,25.809,25.804,25.729,25.878,25.836,25.889,26.033,26.012,26.107,26.58,26.665,26.304,26.049,25.91,25.649,25.414,25.296,25.221,25.199,25.964,26.309,26.405,25.969,25.269,25.162,25.086,25.043,24.93,25.065,25.049,24.553,24.618,24.424,24.337,24.18,0.0,0.0,0.0,0.0,0.0,0.0,0.0,0.0,0.0,0.0,0.0,0.0
0.0,0.0,0.0,0.0,25.494,25.761,25.804,25.804,25.766,25.772,25.718,25.798,25.708,25.814,25.82,25.862,25.958,25.932,26.06,26.107,26.336,26.378,26.77,26.792,26.622,26.315,26.081,26.07,25.793,25.521,25.531,25.756,26.463,26.881,26.744,26.091,25.692,25.483,25.237,25.253,25.135,25.542,25.156,24.796,24.591,24.478,24.483,24.342,0.0,0.0,0.0,0.0,0.0,0.0,0.0,0.0,0.0,0.0,0.0,0.0
0.0,0.0,0.0,0.0,25.424,25.782,25.841,25.734,25.82,25.75,25.756,25.846,26.086,26.038,26.033,26.07,26.017,26.161,26.288,26.299,26.453,26.458,26.256,26.844,26.628,26.437,26.288,26.384,26.012,26.038,26.001,26.251,26.887,27.114,26.945,26.405,26.038,25.777,25.697,25.574,25.521,25.542,25.119,24.656,24.553,24.472,24.386,24.402,24.429,0.0,0.0,0.0,0.0,0.0,0.0,0.0,0.0,0.0,0.0,0.0
0.0,0.0,0.0,0.0,25.718,25.841,25.932,26.113,26.049,26.07,25.974,26.001,26.389,26.384,26.373,26.347,26.389,26.431,26.453,26.665,26.67,25.948,26.161,26.881,26.823,26.67,26.659,26.622,26.622,26.606,26.638,26.807,26.918,27.277,26.807,26.569,26.378,26.145,25.916,25.841,25.969,25.456,25.092,24.71,24.623,24.553,24.494,24.483,24.37,24.315,0.0,0.0,0.0,0.0,0.0,0.0,0.0,0.0,0.0,0.0
0.0,0.0,0.0,0.0,25.905,26.107,26.155,26.262,26.15,26.208,26.272,26.357,26.553,26.585,26.643,26.596,26.744,26.67,26.86,26.829,26.58,24.72,26.394,26.749,26.887,26.887,26.807,26.786,26.792,26.781,26.839,26.839,26.892,27.261,27.25,26.992,26.966,26.638,26.453,26.304,26.097,25.974,25.547,25.065,24.807,24.699,24.569,24.607,24.618,24.38,24.321,0.0,0.0,0.0,0.0,0.0,0.0,0.0,0.0,0.0
0.0,0.0,0.0,0.0,26.075,26.405,26.182,26.341,26.421,26.357,26.341,26.341,26.553,26.675,26.67,26.765,26.728,26.902,27.024,27.087,27.092,25.788,23.582,26.633,27.029,27.124,27.061,27.071,27.056,27.024,27.103,27.24,27.387,27.76,27.414,27.114,26.844,26.68,26.543,26.617,26.543,26.256,25.579,25.108,24.957,24.817,24.753,24.613,24.559,24.483,24.467,23.74,0.0,0.0,0.0,0.0,0.0,0.0,0.0,0.0
0.0,0.0,0.0,0.0,25.237,26.155,26.336,26.447,26.373,26.336,26.458,26.617,26.68,26.643,26.77,26.755,26.887,27.082,27.34,27.524,27.345,24.823,24.213,26.765,27.245,27.24,27.214,27.245,27.293,27.008,27.245,27.414,27.618,27.797,27.519,27.171,26.971,26.871,26.802,26.881,27.087,26.352,25.644,25.371,25.065,24.828,24.898,24.78,24.677,24.596,24.796,23.67,0.0,0.0,0.0,0.0,0.0,0.0,0.0,0.0
0.0,0.0,0.0,0.0,25.761,26.331,26.58,26.458,26.522,26.543,26.537,26.58,26.675,26.744,26.929,26.908,27.182,27.408,27.702,27.933,27.786,24.148,24.957,27.056,27.208,27.272,27.082,27.166,27.019,27.182,27.245,27.34,27.513,27.566,27.424,27.403,27.182,27.087,27.029,27.24,27.561,26.537,25.905,25.408,25.215,25.269,24.92,24.909,24.85,24.839,24.844,24.413,24.288,0.0,0.0,0.0,0.0,0.0,0.0,0.0
0.0,0.0,0.0,0.0,26.091,26.431,26.617,26.606,26.447,26.723,26.665,26.649,26.829,26.892,27.082,27.087,27.361,27.477,28.084,28.335,27.718,23.67,25.622,27.087,27.161,27.082,27.013,26.918,27.034,27.103,27.056,27.187,27.156,27.419,27.471,27.329,27.35,27.324,27.35,27.66,27.666,26.829,26.389,25.942,25.478,25.36,25.135,25.183,25.108,25.097,24.877,24.613,24.267,24.142,0.0,0.0,0.0,0.0,0.0,0.0
0.0,0.0,0.0,0.0,26.246,26.564,26.522,26.585,26.733,26.755,26.733,26.696,26.876,26.966,26.955,27.224,27.477,27.954,28.418,28.642,27.429,23.675,26.765,27.087,26.976,27.061,26.966,26.823,26.908,27.05,27.045,27.092,27.145,27.161,27.214,27.193,27.477,27.408,27.561,27.823,27.734,26.902,26.643,26.23,25.777,25.681,25.414,25.435,25.499,25.124,24.596,24.256,24.18,24.115,24.061,0.0,0.0,0.0,0.0,0.0
0.0,0.0,0.0,25.67,26.527,26.575,26.643,26.68,26.813,26.802,26.929,26.76,27.034,27.045,27.129,27.224,27.466,27.718,28.053,28.027,27.471,26.177,27.024,27.061,26.834,26.887,26.892,26.918,26.834,26.781,26.834,26.987,26.913,26.955,26.998,27.129,27.198,27.335,27.298,27.624,27.282,27.319,27.029,26.686,26.246,26.001,25.74,25.718,25.51,24.866,24.548,24.25,24.283,24.272,24.207,0.0,0.0,0.0,0.0,0.0
0.0,0.0,0.0,26.086,26.606,26.723,26.707,26.818,26.913,26.77,26.871,26.945,26.85,26.929,26.924,26.866,27.029,27.119,27.245,27.272,27.066,27.071,26.834,26.786,26.739,26.749,26.717,26.723,26.643,26.707,26.866,26.839,26.717,26.85,26.855,27.124,27.14,27.145,27.298,27.435,27.927,27.718,27.477,26.955,26.564,26.506,26.15,26.022,25.483,24.882,24.537,24.288,24.364,24.256,24.321,24.175,0.0,0.0,0.0,0.0
0.0,0.0,0.0,26.267,26.643,26.802,26.765,26.913,26.881,26.871,26.955,26.924,26.665,26.728,26.712,26.733,26.77,26.807,26.834,26.829,26.982,26.829,26.765,26.823,26.776,26.649,26.76,26.707,26.649,26.665,26.638,26.691,26.649,26.733,26.765,26.755,26.976,26.939,26.971,27.382,27.786,27.791,27.424,27.329,26.887,26.807,26.702,26.262,25.547,24.963,24.586,24.451,24.375,24.364,24.413,24.391,0.0,0.0,0.0,0.0
0.0,0.0,25.119,26.41,26.68,26.686,26.723,26.712,26.739,26.686,26.76,26.67,26.543,26.463,26.585,26.548,26.717,26.813,26.829,26.85,26.897,26.786,26.86,26.818,26.707,26.643,26.813,26.622,26.723,26.67,26.823,26.643,26.585,26.686,26.807,26.665,26.797,26.717,26.749,27.019,27.303,27.681,27.408,27.308,27.261,27.045,27.177,26.437,26.437,25.526,24.866,24.731,24.569,24.521,24.596,24.348,24.342,0.0,0.0,0.0
0.0,0.0,25.563,26.49,26.707,26.702,26.733,26.749,26.723,26.633,26.585,26.633,26.543,26.543,26.495,26.58,26.649,26.77,26.755,26.892,26.834,26.781,26.786,26.897,26.755,26.802,26.638,26.68,26.68,26.68,26.628,26.59,26.744,26.728,26.649,26.696,26.633,26.68,26.633,26.638,26.918,26.961,26.876,27.04,27.15,27.235,27.387,27.382,26.4,25.697,24.979,24.893,24.796,24.661,24.672,24.467,24.424,0.0,0.0,0.0
0.0,0.0,25.937,26.559,26.712,26.696,26.696,26.601,26.601,26.596,26.553,26.553,26.537,26.564,26.543,26.59,26.633,26.755,26.649,26.829,26.934,26.786,26.924,26.797,26.897,26.818,26.834,26.802,26.649,26.68,26.68,26.717,26.792,26.786,26.749,26.728,26.585,26.633,26.654,26.612,26.585,26.834,26.813,26.67,27.082,27.108,27.477,27.571,26.776,25.91,25.301,25.156,24.952,24.699,24.774,24.758,24.532,0.0,0.0,0.0
0.0,0.0,24.839,26.469,26.511,26.675,26.68,26.628,26.527,26.612,26.622,26.569,26.389,26.532,26.59,26.649,26.654,26.749,26.638,26.85,26.829,26.802,26.929,26.966,26.945,26.844,26.839,26.739,26.818,26.739,26.733,26.707,26.918,26.797,26.755,26.696,26.585,26.638,26.564,26.575,26.58,26.612,26.585,26.575,26.686,26.871,27.224,27.424,27.145,26.405,25.676,25.285,25.178,24.979,24.866,24.747,24.726,0.0,0.0,0.0
0.0,0.0,25.36,26.447,26.691,26.686,26.59,26.654,26.564,26.474,26.532,26.59,26.431,26.606,26.585,26.739,26.696,26.786,26.797,26.749,26.876,26.892,26.929,26.998,27.071,26.924,26.813,26.934,26.823,26.818,26.918,26.881,26.876,26.902,26.797,26.802,26.68,26.649,26.559,26.522,26.537,26.463,26.506,26.516,26.569,26.638,26.892,27.024,27.424,26.781,26.091,25.686,25.403,25.172,25.102,24.974,24.78,0.0,0.0,0.0
0.0,0.0,25.932,26.548,26.638,26.654,26.675,26.696,26.548,26.479,26.606,26.58,26.659,26.59,26.702,26.643,26.675,26.781,26.807,26.876,26.887,27.034,27.019,27.135,27.098,27.087,26.992,26.929,26.971,26.966,26.998,26.971,26.86,27.056,26.818,26.765,26.649,26.717,26.723,26.564,26.569,26.453,26.548,26.453,26.543,26.516,26.696,27.124,27.324,27.161,26.601,25.958,25.948,25.654,25.312,25.145,24.936,24.131,0.0,0.0
0.0,24.683,26.118,26.569,26.686,26.606,26.67,26.575,26.527,26.41,26.675,26.59,26.585,26.67,26.908,26.866,26.86,26.913,26.744,26.961,26.971,27.077,27.161,27.082,27.061,26.987,27.087,27.05,27.092,26.971,27.124,27.034,26.86,27.056,26.961,26.85,26.918,26.813,26.686,26.68,26.633,26.596,26.516,26.49,26.537,26.5,26.532,26.728,27.124,27.392,27.034,26.447,26.368,25.91,25.611,25.376,25.108,23.648,0.0,0.0
0.0,25.403,26.166,26.665,26.58,26.564,26.617,26.559,26.601,26.749,26.68,26.596,26.818,26.866,26.67,26.866,26.908,26.934,26.913,26.897,26.966,27.108,27.177,27.145,27.235,27.356,27.314,27.287,27.224,27.298,27.187,27.029,27.066,26.945,26.897,26.839,26.85,26.813,26.696,26.649,26.628,26.601,26.654,26.506,26.479,26.442,26.527,26.442,26.675,27.077,27.056,26.807,26.67,26.251,25.969,25.601,25.242,23.025,0.0,0.0
0.0,25.713,26.458,26.543,26.68,26.638,26.575,26.654,26.585,26.58,26.739,26.781,26.749,26.839,26.792,26.908,26.955,26.897,26.945,26.992,27.071,27.145,27.261,27.387,27.324,27.319,27.34,27.24,27.419,27.24,27.24,27.108,27.04,27.077,27.061,26.866,26.844,26.929,26.839,26.728,26.675,26.633,26.707,26.548,26.458,26.511,26.506,26.469,26.463,26.49,26.739,26.871,26.612,26.4,26.102,25.942,25.199,22.547,0.0,0.0
0.0,25.889,26.4,26.596,26.659,26.559,26.585,26.723,26.665,26.643,26.749,26.85,26.876,26.934,26.966,27.008,26.992,27.087,27.092,27.05,27.14,27.293,27.198,27.361,27.377,27.387,27.293,27.324,27.329,27.345,27.214,27.308,27.145,27.219,27.082,26.934,26.834,26.95,26.876,26.797,26.797,26.58,26.707,26.659,26.638,26.569,26.469,26.405,26.469,26.331,26.453,26.59,26.304,26.431,26.198,26.208,25.28,22.134,0.0,0.0
0.0,26.177,26.633,26.596,26.606,26.553,26.559,26.723,26.712,26.733,26.76,26.85,26.955,26.892,27.019,26.966,26.982,27.124,27.061,27.098,27.266,27.219,27.25,27.45,27.335,27.329,27.298,27.477,27.377,27.261,27.308,27.35,27.219,27.208,27.077,27.156,27.003,26.945,27.024,26.966,26.802,26.744,26.77,26.76,26.612,26.612,26.532,26.437,26.484,26.384,26.394,26.447,26.235,26.23,26.097,26.246,26.171,25.237,0.0,0.0
0.0,26.256,26.665,26.532,26.543,26.58,26.559,26.675,26.696,26.733,26.702,26.86,26.844,26.913,26.976,26.929,27.066,27.119,27.108,27.24,27.335,27.392,27.456,27.477,27.482,27.519,27.519,27.445,27.492,27.445,27.366,27.414,27.314,27.245,27.408,27.229,27.171,26.939,27.114,27.019,26.992,26.945,26.802,26.77,26.792,26.744,26.553,26.58,26.431,26.41,26.309,26.304,26.235,26.123,26.171,26.139,26.065,25.247,0.0,0.0
0.0,26.347,26.543,26.522,26.612,26.537,26.537,26.49,26.617,26.686,26.665,26.696,26.739,26.792,26.892,27.024,27.15,27.203,27.129,27.182,27.377,27.329,27.392,27.429,27.603,27.513,27.508,27.529,27.55,27.519,27.424,27.45,27.408,27.303,27.314,27.214,27.308,27.024,26.998,26.929,26.924,26.892,26.834,26.797,26.829,26.749,26.654,26.638,26.49,26.458,26.384,26.224,26.336,26.049,26.102,26.038,26.06,25.344,0.0,0.0
0.0,25.718,26.336,26.527,26.548,26.68,26.559,26.633,26.67,26.628,26.696,26.755,26.85,26.897,26.866,27.019,27.071,27.219,27.156,27.208,27.261,27.403,27.45,27.54,27.645,27.618,27.503,27.561,27.508,27.508,27.566,27.498,27.256,27.324,27.345,27.319,27.219,27.314,27.198,27.14,26.998,26.95,26.95,26.86,26.712,26.823,26.548,26.49,26.58,26.394,26.357,26.331,26.203,26.102,26.32,26.129,26.081,25.644,0.0,0.0
0.0,26.107,26.543,26.537,26.58,26.585,26.596,26.537,26.686,26.628,26.818,26.807,26.792,26.913,26.982,26.987,27.161,27.145,27.277,27.272,27.329,27.456,27.508,27.529,27.65,27.718,27.587,27.608,27.513,27.54,27.414,27.382,27.445,27.35,27.298,27.356,27.25,27.177,27.329,27.066,26.945,26.976,26.961,26.871,26.855,26.696,26.659,26.569,26.479,26.506,26.405,26.336,26.32,26.06,26.256,26.123,26.086,25.798,0.0,0.0
0.0,26.054,26.543,26.575,26.527,26.638,26.617,26.575,26.733,26.696,26.723,26.717,26.797,26.998,26.976,27.04,27.208,27.282,27.171,27.34,27.235,27.456,27.529,27.713,27.582,27.676,27.739,27.618,27.55,27.655,27.534,27.587,27.45,27.44,27.382,27.25,27.366,27.235,27.272,27.114,27.056,27.029,26.998,26.961,26.807,26.871,26.654,26.606,26.463,26.431,26.426,26.458,26.4,26.145,26.193,26.113,26.166,26.049,0.0,0.0
0.0,26.113,26.511,26.659,26.601,26.707,26.575,26.612,26.76,26.643,26.744,26.707,26.892,26.829,26.902,27.05,27.129,27.161,27.25,27.308,27.503,27.519,27.639,27.739,27.734,27.723,27.666,27.718,27.681,27.608,27.54,27.582,27.482,27.466,27.482,27.403,27.345,27.377,27.398,27.208,27.156,27.087,26.987,27.092,26.929,26.881,26.802,26.659,26.5,26.569,26.416,26.357,26.431,26.272,26.139,26.267,26.155,26.017,0.0,0.0
0.0,26.23,26.484,26.553,26.506,26.628,26.479,26.622,26.797,26.628,26.559,26.654,26.86,26.955,27.003,27.019,27.182,27.229,27.214,27.293,27.508,27.419,27.697,27.734,27.838,27.749,27.802,27.671,27.765,27.723,27.629,27.666,27.692,27.587,27.524,27.403,27.377,27.398,27.261,27.135,27.182,27.135,27.14,27.092,27.013,26.829,26.76,26.739,26.665,26.575,26.41,26.389,26.378,26.293,26.193,26.161,26.145,25.958,0.0,0.0
0.0,26.129,26.431,26.553,26.495,26.527,26.543,26.59,26.686,26.755,26.675,26.844,26.818,26.876,26.955,27.061,27.161,27.156,27.245,27.345,27.382,27.555,27.629,27.776,27.681,28.021,27.823,27.697,27.765,27.707,27.692,27.571,27.65,27.781,27.555,27.534,27.419,27.403,27.298,27.361,27.245,27.235,27.214,27.071,27.182,26.918,26.807,26.797,26.733,26.617,26.479,26.437,26.437,26.278,26.331,26.171,26.054,25.996,24.515,0.0
0.0,26.049,26.347,26.569,26.569,26.506,26.548,26.58,26.633,26.67,26.749,26.712,26.913,26.992,26.924,26.998,27.019,27.25,27.287,27.429,27.371,27.686,27.66,27.702,27.833,27.98,27.974,27.823,27.707,27.812,27.749,27.66,27.613,27.555,27.555,27.555,27.55,27.382,27.377,27.314,27.235,27.261,27.287,27.14,27.092,26.998,26.85,26.765,26.786,26.628,26.469,26.474,26.442,26.262,26.288,26.193,26.06,25.98,24.64,0.0
0.0,26.145,26.447,26.537,26.537,26.606,26.628,26.601,26.59,26.59,26.723,26.723,26.924,26.918,26.966,27.071,27.161,27.298,27.282,27.324,27.371,27.597,27.655,27.838,27.87,27.927,27.985,27.833,27.891,27.875,27.88,27.676,27.776,27.66,27.707,27.55,27.445,27.382,27.398,27.392,27.25,27.161,27.198,27.308,27.108,27.019,26.976,26.786,26.876,26.67,26.585,26.564,26.553,26.416,26.214,26.23,26.283,26.129,26.012,0.0
0.0,0.0,26.246,26.442,26.553,26.601,26.537,26.543,26.654,26.628,26.67,26.823,26.85,26.918,26.876,27.066,27.135,27.235,27.229,27.461,27.519,27.466,27.681,27.702,27.948,28.089,27.886,27.995,27.817,27.828,27.854,27.859,27.734,27.812,27.765,27.718,27.713,27.587,27.513,27.487,27.345,27.35,27.382,27.203,27.124,27.04,27.066,26.876,26.807,26.739,26.67,26.553,26.453,26.437,26.368,26.288,26.219,26.065,25.99,0.0
0.0,0.0,26.23,26.23,26.458,26.5,26.447,26.585,26.548,26.633,26.707,26.643,26.77,26.876,26.871,26.982,27.056,27.135,27.266,27.324,27.55,27.471,27.624,27.645,27.927,28.095,28.032,27.912,27.995,27.922,27.896,27.854,27.786,27.807,27.55,27.634,27.707,27.519,27.519,27.429,27.492,27.24,27.329,27.193,26.987,27.066,26.929,26.834,26.728,26.76,26.696,26.532,26.458,26.559,26.421,26.336,26.272,26.224,25.873,0.0
0.0,0.0,25.761,26.208,26.421,26.553,26.601,26.58,26.797,26.596,26.733,26.712,26.776,26.739,26.95,27.087,27.008,27.272,27.371,27.377,27.377,27.592,27.739,27.645,27.99,28.032,28.016,28.011,27.985,27.859,27.995,27.844,27.707,27.786,27.692,27.744,27.571,27.498,27.534,27.466,27.445,27.287,27.282,27.182,27.098,27.135,26.971,26.897,26.924,26.76,26.85,26.585,26.548,26.463,26.373,26.315,26.198,26.331,25.857,0.0
0.0,0.0,25.086,26.038,26.235,26.378,26.453,26.532,26.723,26.749,26.717,26.749,26.807,26.971,26.971,26.998,27.14,27.161,27.377,27.324,27.534,27.566,27.66,27.849,27.954,27.99,28.021,28.042,27.959,27.969,27.964,27.912,27.781,27.77,27.634,27.671,27.555,27.587,27.545,27.456,27.545,27.319,27.214,27.198,27.045,27.135,27.003,26.844,26.829,26.744,26.696,26.675,26.596,26.5,26.32,26.368,26.357,26.262,25.857,0.0
0.0,0.0,0.0,25.734,26.022,26.352,26.421,26.447,26.638,26.654,26.813,26.823,26.818,26.913,26.955,27.066,27.045,27.208,27.414,27.319,27.498,27.482,27.755,27.886,28.032,28.016,28.11,28.048,28.142,28.063,27.854,27.906,27.728,27.849,27.624,27.576,27.582,27.461,27.529,27.471,27.308,27.224,27.229,27.114,27.114,26.971,27.008,26.855,26.755,26.85,26.776,26.686,26.506,26.416,26.347,26.373,26.304,26.235,25.681,0.0
0.0,0.0,0.0,25.569,26.075,26.384,26.389,26.447,26.622,26.707,26.776,26.834,26.797,26.797,27.114,27.05,27.15,27.256,27.392,27.471,27.503,27.645,27.749,27.969,28.079,28.063,28.168,28.126,28.183,28.016,27.99,27.98,27.828,27.849,27.838,27.629,27.587,27.44,27.456,27.382,27.308,27.224,27.166,27.193,27.171,26.929,26.955,26.829,26.807,26.892,26.728,26.749,26.633,26.516,26.341,26.362,26.203,26.166,25.702,0.0
0.0,0.0,0.0,0.0,25.756,26.267,26.368,26.516,26.553,26.77,26.813,26.792,26.876,26.918,27.135,27.056,27.193,27.35,27.419,27.492,27.597,27.791,27.802,27.875,28.168,28.282,28.126,28.267,28.1,27.964,28.178,27.927,27.922,27.807,27.781,27.676,27.671,27.445,27.461,27.371,27.245,27.198,27.193,27.124,27.103,27.119,26.913,26.844,26.871,26.902,26.728,26.532,26.564,26.5,26.315,26.129,26.129,26.049,25.435,0.0
0.0,0.0,0.0,0.0,25.231,26.293,26.564,26.638,26.559,26.702,26.829,26.802,26.823,27.061,27.066,27.15,27.272,27.392,27.508,27.466,27.713,27.823,27.917,28.058,28.126,28.298,28.314,28.142,28.189,28.178,28.178,28.032,27.87,27.812,27.702,27.587,27.408,27.456,27.414,27.308,27.377,27.187,27.098,27.124,26.934,26.976,26.834,26.844,26.85,26.749,26.744,26.58,26.484,26.304,26.394,26.267,26.102,26.033,0.0,0.0
0.0,0.0,0.0,0.0,0.0,25.964,26.564,26.749,26.786,26.707,26.765,26.786,26.881,27.071,27.161,27.214,27.366,27.345,27.498,27.645,27.802,27.838,27.954,28.084,28.262,28.267,28.319,28.225,28.335,28.22,28.126,28.089,27.927,27.781,27.702,27.655,27.582,27.403,27.266,27.25,27.366,27.266,27.045,26.95,26.887,26.971,26.924,26.712,26.807,26.643,26.691,26.569,26.532,26.447,26.315,26.267,26.161,25.894,0.0,0.0
0.0,0.0,0.0,0.0,0.0,25.328,26.511,26.829,26.913,27.029,26.929,26.966,27.066,27.145,27.245,27.24,27.408,27.482,27.524,27.734,27.797,27.943,28.011,28.225,28.387,28.241,28.329,28.335,28.319,28.329,28.215,28.037,27.901,27.849,27.597,27.545,27.545,27.419,27.34,27.319,27.319,27.235,27.098,27.029,26.961,26.823,26.797,26.908,26.686,26.776,26.569,26.575,26.495,26.5,26.4,26.299,26.278,26.171,0.0,0.0
0.0,0.0,0.0,0.0,0.0,0.0,26.145,26.792,26.982,27.114,27.071,27.092,27.187,27.156,27.324,27.403,27.492,27.66,27.723,27.859,27.859,27.896,27.99,28.121,28.303,28.418,28.335,28.475,28.387,28.34,28.267,28.251,28.084,27.969,27.755,27.776,27.566,27.508,27.45,27.277,27.145,27.129,27.024,27.008,26.908,26.955,26.85,26.797,26.654,26.628,26.516,26.495,26.442,26.5,26.474,26.166,26.347,26.06,0.0,0.0
0.0,0.0,0.0,0.0,0.0,0.0,0.0,25.804,26.67,27.056,27.129,27.082,27.108,27.277,27.356,27.529,27.54,27.624,27.655,27.812,27.959,28.069,28.178,28.215,28.366,28.454,28.548,28.532,28.652,28.501,28.361,28.23,28.178,27.87,27.723,27.734,27.477,27.566,27.471,27.261,27.356,27.061,27.098,27.013,26.86,26.85,26.776,26.659,26.617,26.617,26.537,26.543,26.458,26.41,26.352,26.187,26.278,25.985,0.0,0.0
0.0,0.0,0.0,0.0,0.0,0.0,0.0,24.984,26.458,26.992,27.135,27.177,27.277,27.345,27.44,27.513,27.718,27.686,27.838,27.985,28.001,28.267,28.23,28.382,28.496,28.662,28.621,28.636,28.605,28.402,28.402,28.303,28.116,27.844,27.786,27.592,27.613,27.429,27.408,27.287,27.229,27.077,26.992,26.881,26.897,26.792,26.67,26.702,26.495,26.484,26.362,26.373,26.378,26.267,26.23,26.145,26.256,25.804,0.0,0.0
0.0,0.0,0.0,0.0,0.0,0.0,0.0,0.0,26.001,26.918,27.235,27.308,27.508,27.35,27.534,27.576,27.755,27.765,28.001,28.032,28.246,28.277,28.501,28.501,28.595,28.584,28.626,28.636,28.564,28.423,28.439,28.293,28.189,27.954,27.896,27.681,27.608,27.587,27.293,27.277,27.156,27.135,26.908,26.881,26.744,26.691,26.617,26.59,26.548,26.416,26.532,26.447,26.431,26.463,26.224,26.182,26.224,25.788,0.0,0.0
0.0,0.0,0.0,0.0,0.0,0.0,0.0,0.0,25.456,26.744,27.293,27.408,27.613,27.603,27.728,27.865,27.906,28.084,28.105,28.241,28.397,28.496,28.496,28.595,28.74,28.683,28.725,28.678,28.662,28.626,28.506,28.303,28.22,27.964,27.77,27.781,27.608,27.398,27.25,27.219,27.087,27.013,26.961,26.924,26.781,26.696,26.564,26.506,26.511,26.325,26.543,26.469,26.299,26.384,26.208,26.15,26.065,0.0,0.0,0.0
0.0,0.0,0.0,0.0,0.0,0.0,0.0,0.0,24.202,26.304,27.193,27.414,27.566,27.629,27.791,27.859,28.042,28.173,28.23,28.324,28.465,28.439,28.59,28.673,28.761,28.771,28.865,28.797,28.527,28.605,28.47,28.314,28.173,27.927,27.812,27.718,27.582,27.498,27.555,27.177,27.087,26.998,26.945,26.755,26.786,26.522,26.643,26.469,26.516,26.299,26.368,26.394,26.288,26.219,26.123,26.113,26.028,0.0,0.0,0.0
0.0,0.0,0.0,0.0,0.0,0.0,0.0,0.0,0.0,25.766,27.003,27.456,27.76,27.817,27.922,28.058,28.168,28.272,28.376,28.434,28.569,28.6,28.621,28.746,28.844,28.917,28.818,28.777,28.642,28.631,28.527,28.439,28.189,27.98,27.922,27.713,27.529,27.513,27.387,27.156,27.082,26.992,26.924,26.755,26.739,26.633,26.463,26.474,26.394,26.336,26.304,26.368,26.224,26.272,26.065,26.049,25.697,0.0,0.0,0.0
0.0,0.0,0.0,0.0,0.0,0.0,0.0,0.0,0.0,25.221,26.781,27.403,27.692,27.859,28.23,28.183,28.392,28.35,28.517,28.605,28.6,28.725,28.72,28.844,28.88,28.958,28.901,28.792,28.678,28.683,28.553,28.47,28.288,28.016,27.828,27.739,27.618,27.45,27.256,27.229,27.177,26.992,26.934,26.765,26.712,26.59,26.564,26.474,26.293,26.256,26.235,26.203,26.272,26.256,26.102,26.017,25.242,0.0,0.0,0.0
0.0,0.0,0.0,0.0,0.0,0.0,0.0,0.0,0.0,0.0,26.569,27.398,27.707,27.969,28.147,28.314,28.382,28.408,28.538,28.683,28.652,28.787,28.932,28.855,28.927,28.803,28.87,28.896,28.844,28.678,28.522,28.512,28.314,28.053,27.98,27.744,27.629,27.419,27.34,27.25,27.04,26.992,26.955,26.823,26.601,26.569,26.5,26.416,26.41,26.347,26.208,26.214,26.246,26.262,26.177,26.028,24.012,0.0,0.0,0.0
0.0,0.0,0.0,0.0,0.0,0.0,0.0,0.0,0.0,0.0,26.352,27.319,27.723,28.079,28.147,28.371,28.506,28.501,28.6,28.771,28.704,28.849,28.953,28.937,28.906,28.777,28.896,28.865,28.829,28.683,28.418,28.47,28.194,28.063,28.001,27.707,27.66,27.503,27.503,27.377,27.235,27.087,26.966,26.95,26.728,26.649,26.659,26.484,26.421,26.437,26.304,26.193,26.272,26.193,26.155,26.097,25.756,0.0,0.0,0.0
0.0,0.0,0.0,0.0,0.0,0.0,0.0,0.0,0.0,0.0,26.081,27.245,27.776,28.079,28.298,28.548,28.496,28.522,28.522,28.803,28.714,28.901,28.943,28.932,28.896,29.0,28.963,28.834,28.932,28.839,28.699,28.501,28.183,28.209,28.147,27.917,27.744,27.545,27.498,27.361,27.193,27.171,27.066,26.887,26.702,26.659,26.575,26.548,26.437,26.331,26.32,26.304,26.246,26.118,26.091,26.118,0.0,0.0,0.0,0.0
0.0,0.0,0.0,0.0,0.0,0.0,0.0,0.0,0.0,0.0,0.0,25.948,27.25,27.786,28.063,28.392,28.475,28.683,28.694,28.746,28.746,28.844,28.901,28.86,28.896,29.01,28.958,28.932,28.72,28.74,28.714,28.574,28.439,28.199,28.032,28.006,27.791,27.713,27.555,27.335,27.24,27.103,27.098,26.966,26.728,26.755,26.575,26.4,26.416,26.283,26.304,26.182,26.166,26.139,26.224,26.246,0.0,0.0,0.0,0.0
0.0,0.0,0.0,0.0,0.0,0.0,0.0,0.0,0.0,0.0,0.0,25.43,27.119,27.812,28.157,28.402,28.48,28.642,28.668,28.72,28.813,28.761,28.901,28.855,28.896,28.994,28.994,28.927,28.875,28.818,28.797,28.491,28.449,28.189,28.027,27.896,27.666,27.508,27.503,27.319,27.193,27.182,27.092,26.844,26.76,26.755,26.633,26.479,26.405,26.479,26.304,26.309,26.299,26.309,26.193,26.214,0.0,0.0,0.0,0.0
0.0,0.0,0.0,0.0,0.0,0.0,0.0,0.0,0.0,0.0,0.0,0.0,27.177,27.749,28.126,28.298,28.48,28.61,28.636,28.642,28.808,28.808,28.886,28.87,28.927,28.829,28.943,28.953,28.937,28.865,28.709,28.517,28.413,28.256,27.99,28.001,27.624,27.45,27.524,27.387,27.15,27.129,27.024,26.855,26.792,26.553,26.702,26.474,26.421,26.421,26.368,26.325,26.357,26.347,26.416,26.06,0.0,0.0,0.0,0.0
0.0,0.0,0.0,0.0,0.0,0.0,0.0,0.0,0.0,0.0,0.0,0.0,27.266,27.718,28.095,28.272,28.272,28.475,28.527,28.631,28.688,28.74,28.834,28.927,28.86,28.953,28.974,28.932,28.969,28.725,28.735,28.491,28.376,28.215,28.267,27.906,27.739,27.639,27.287,27.371,27.171,27.177,26.902,26.813,26.649,26.638,26.569,26.548,26.596,26.416,26.373,26.378,26.426,26.437,26.469,25.611,0.0,0.0,0.0,0.0
0.0,0.0,0.0,0.0,0.0,0.0,0.0,0.0,0.0,0.0,0.0,0.0,27.34,27.901,28.121,28.366,28.387,28.376,28.392,28.6,28.704,28.855,28.901,28.886,28.88,28.912,28.87,28.989,28.932,28.761,28.668,28.475,28.418,28.22,28.267,27.948,27.718,27.597,27.403,27.282,27.187,27.103,26.897,26.902,26.792,26.749,26.601,26.458,26.569,26.522,26.378,26.352,26.5,26.336,26.331,24.968,0.0,0.0,0.0,0.0
0.0,0.0,0.0,0.0,0.0,0.0,0.0,0.0,0.0,0.0,0.0,0.0,27.503,28.053,28.22,28.408,28.47,28.543,28.584,28.584,28.683,28.777,28.823,28.87,28.932,28.896,28.963,28.937,28.917,28.725,28.73,28.439,28.397,28.241,27.995,27.781,27.55,27.576,27.35,27.272,27.14,27.156,26.918,26.881,26.717,26.696,26.569,26.659,26.416,26.469,26.474,26.368,26.559,26.537,26.193,0.0,0.0,0.0,0.0,0.0
0.0,0.0,0.0,0.0,0.0,0.0,0.0,0.0,0.0,0.0,0.0,0.0,27.749,28.084,28.236,28.558,28.652,28.642,28.626,28.668,28.678,28.906,28.849,28.912,28.922,28.906,28.891,28.984,28.761,28.787,28.657,28.361,28.413,28.194,27.954,27.896,27.728,27.508,27.435,27.25,27.103,27.019,26.902,26.781,26.717,26.68,26.649,26.649,26.575,26.357,26.559,26.516,26.628,26.522,25.996,0.0,0.0,0.0,0.0,0.0
0.0,0.0,0.0,0.0,0.0,0.0,0.0,0.0,0.0,0.0,0.0,0.0,27.959,28.157,28.319,28.683,28.72,28.771,28.86,28.777,28.829,28.88,28.906,28.839,28.886,28.865,28.834,28.855,28.652,28.735,28.506,28.423,28.408,28.189,27.969,27.828,27.728,27.487,27.277,27.277,27.056,27.04,26.918,26.844,26.802,26.797,26.575,26.633,26.622,26.585,26.58,26.564,26.511,26.559,25.665,0.0,0.0,0.0,0.0,0.0
0.0,0.0,0.0,0.0,0.0,0.0,0.0,0.0,0.0,0.0,0.0,0.0,27.98,28.262,28.496,28.694,28.699,28.875,28.958,28.984,28.932,29.036,28.917,28.917,28.87,28.849,28.834,28.756,28.709,28.699,28.59,28.428,28.434,28.199,27.959,27.98,27.886,27.603,27.445,27.424,27.245,27.045,27.056,26.908,26.765,26.638,26.717,26.585,26.654,26.649,26.628,26.717,26.792,26.675,26.474,0.0,0.0,0.0,0.0,0.0
0.0,0.0,0.0,0.0,0.0,0.0,0.0,0.0,0.0,0.0,0.0,0.0,28.23,28.527,28.439,28.797,28.761,28.886,29.093,29.067,29.098,29.16,29.082,29.082,28.953,28.927,28.761,28.771,28.782,28.782,28.699,28.517,28.454,28.282,28.126,27.927,27.87,27.66,27.524,27.287,27.24,27.108,27.045,26.818,26.902,26.844,26.776,26.665,26.717,26.733,26.67,26.717,26.67,26.728,26.474,0.0,0.0,0.0,0.0,0.0
0.0,0.0,0.0,0.0,0.0,0.0,0.0,0.0,0.0,0.0,0.0,0.0,27.403,28.298,28.579,28.803,28.834,28.974,28.974,29.207,29.098,29.129,29.046,28.963,28.927,28.922,28.87,28.803,28.782,28.72,28.61,28.408,28.413,28.23,28.136,27.969,27.765,27.603,27.429,27.303,27.177,27.003,27.04,26.908,26.866,26.844,26.866,26.77,26.786,26.802,26.834,26.781,26.871,26.728,0.0,0.0,0.0,0.0,0.0,0.0
0.0,0.0,0.0,0.0,0.0,0.0,0.0,0.0,0.0,0.0,0.0,0.0,27.681,28.423,28.74,28.906,29.005,29.067,29.108,29.15,29.16,29.176,29.119,29.046,29.031,28.922,28.844,28.792,28.621,28.59,28.517,28.428,28.506,28.345,28.095,27.943,27.844,27.597,27.508,27.266,27.193,27.219,27.061,27.019,27.008,26.813,26.897,26.829,26.797,26.786,26.913,26.866,26.881,26.892,0.0,0.0,0.0,0.0,0.0,0.0
0.0,0.0,0.0,0.0,0.0,0.0,0.0,0.0,0.0,0.0,0.0,0.0,27.917,28.496,28.932,28.974,29.098,29.098,29.093,29.041,29.103,29.207,29.093,28.984,29.0,28.855,28.875,28.886,28.652,28.579,28.584,28.449,28.423,28.236,28.069,27.854,27.723,27.54,27.45,27.319,27.171,27.061,26.987,26.897,26.897,26.961,27.008,26.897,26.86,26.939,26.887,26.929,26.76,26.723,0.0,0.0,0.0,0.0,0.0,0.0
0.0,0.0,0.0,0.0,0.0,0.0,0.0,0.0,0.0,0.0,0.0,0.0,28.157,28.538,28.797,29.088,29.212,29.129,29.15,29.145,29.17,29.222,29.119,29.088,28.984,28.912,28.849,28.636,28.688,28.574,28.61,28.418,28.209,28.256,28.053,27.77,27.786,27.618,27.356,27.14,27.219,27.077,27.008,27.013,26.881,26.897,26.834,26.908,26.95,26.855,26.86,26.834,26.871,26.675,0.0,0.0,0.0,0.0,0.0,0.0
0.0,0.0,0.0,0.0,0.0,0.0,0.0,0.0,0.0,0.0,0.0,0.0,28.204,28.517,28.849,28.994,29.098,29.377,29.103,29.077,29.119,29.155,29.103,29.01,28.917,28.766,28.725,28.735,28.668,28.621,28.376,28.371,28.163,28.011,27.948,27.776,27.681,27.603,27.414,27.224,27.203,27.124,27.04,26.939,26.961,26.987,27.071,26.976,26.924,27.108,26.992,26.987,26.987,0.0,0.0,0.0,0.0,0.0,0.0,0.0
0.0,0.0,0.0,0.0,0.0,0.0,0.0,0.0,0.0,0.0,0.0,0.0,28.506,28.73,28.948,28.969,29.01,29.165,29.424,29.191,29.274,29.103,29.082,29.062,28.886,28.766,28.756,28.642,28.579,28.574,28.355,28.298,28.267,28.037,27.896,27.755,27.613,27.461,27.282,27.214,27.15,27.013,27.082,26.881,26.982,26.976,27.024,26.918,26.998,27.098,26.876,27.003,26.813,0.0,0.0,0.0,0.0,0.0,0.0,0.0
0.0,0.0,0.0,0.0,0.0,0.0,0.0,0.0,0.0,0.0,0.0,0.0,28.538,28.642,28.979,29.093,29.067,29.155,29.186,29.114,29.191,29.098,29.041,28.989,28.813,28.777,28.657,28.642,28.486,28.392,28.397,28.199,28.074,28.084,27.901,27.718,27.639,27.487,27.461,27.177,27.061,26.976,27.045,27.098,26.95,27.066,27.008,27.098,27.024,27.034,27.013,26.908,26.86,0.0,0.0,0.0,0.0,0.0,0.0,0.0
0.0,0.0,0.0,0.0,0.0,0.0,0.0,0.0,0.0,0.0,0.0,28.262,28.59,28.865,28.979,29.046,29.077,29.108,29.196,29.243,29.155,29.114,28.922,28.896,28.818,28.735,28.699,28.532,28.47,28.34,28.34,28.209,27.985,28.016,27.896,27.671,27.555,27.482,27.482,27.256,27.071,27.024,27.034,26.844,27.05,27.008,27.087,27.05,27.077,27.092,27.045,27.061,27.061,0.0,0.0,0.0,0.0,0.0,0.0,0.0
0.0,0.0,0.0,0.0,0.0,0.0,0.0,0.0,0.0,0.0,0.0,28.486,28.636,28.855,28.948,29.046,29.103,29.088,29.207,29.17,29.057,29.026,28.958,28.948,28.865,28.72,28.626,28.517,28.428,28.272,28.194,28.22,28.016,28.016,28.032,27.66,27.744,27.482,27.45,27.361,27.235,27.208,27.034,27.019,26.945,27.124,26.934,27.066,27.05,27.034,27.082,26.998,0.0,0.0,0.0,0.0,0.0,0.0,0.0,0.0
0.0,0.0,0.0,0.0,0.0,0.0,0.0,0.0,0.0,0.0,0.0,28.47,28.849,28.849,28.855,28.974,29.02,29.129,29.067,29.139,29.01,29.046,29.005,28.989,28.839,28.704,28.564,28.584,28.444,28.538,28.408,28.204,28.063,28.016,27.901,27.76,27.776,27.466,27.471,27.166,27.156,27.14,27.034,27.087,26.966,27.029,27.045,27.045,27.04,27.103,27.013,27.034,0.0,0.0,0.0,0.0,0.0,0.0,0.0,0.0
0.0,0.0,0.0,0.0,0.0,0.0,0.0,0.0,0.0,0.0,0.0,27.765,28.584,28.777,28.917,28.839,28.948,29.15,29.238,29.072,29.036,28.943,28.927,28.855,28.839,28.673,28.506,28.501,28.449,28.35,28.262,28.194,27.964,27.917,27.901,27.749,27.65,27.387,27.429,27.377,27.182,27.187,27.119,27.04,26.95,26.918,27.003,27.024,26.987,27.071,27.229,27.056,0.0,0.0,0.0,0.0,0.0,0.0,0.0,0.0
0.0,0.0,0.0,0.0,0.0,0.0,0.0,0.0,0.0,0.0,0.0,28.147,28.532,28.74,28.86,28.834,28.943,29.082,29.165,29.057,29.0,28.896,28.912,28.849,28.73,28.673,28.532,28.491,28.491,28.246,28.199,28.168,28.058,27.896,27.723,27.697,27.44,27.503,27.429,27.45,27.282,27.235,27.071,27.04,26.955,26.987,27.008,27.066,27.098,27.061,27.061,27.024,0.0,0.0,0.0,0.0,0.0,0.0,0.0,0.0
0.0,0.0,0.0,0.0,0.0,0.0,0.0,0.0,0.0,0.0,0.0,28.204,28.595,28.777,28.865,28.808,28.906,29.015,29.005,28.891,28.906,28.834,28.829,28.668,28.688,28.595,28.558,28.428,28.48,28.293,28.194,28.131,28.027,27.854,27.906,27.645,27.477,27.414,27.329,27.224,27.14,27.14,27.05,27.003,26.976,26.908,27.019,27.029,26.992,27.082,26.998,0.0,0.0,0.0,0.0,0.0,0.0,0.0,0.0,0.0
0.0,0.0,0.0,0.0,0.0,0.0,0.0,0.0,0.0,0.0,27.576,28.189,28.532,28.777,28.823,28.906,28.912,28.855,28.839,28.943,28.797,28.746,28.787,28.746,28.538,28.699,28.329,28.418,28.173,28.267,28.058,28.079,27.927,27.901,27.686,27.645,27.471,27.498,27.298,27.171,27.119,26.939,27.003,26.945,26.971,26.902,27.045,26.971,26.918,27.013,27.034,0.0,0.0,0.0,0.0,0.0,0.0,0.0,0.0,0.0
0.0,0.0,0.0,0.0,0.0,0.0,0.0,0.0,0.0,0.0,27.739,28.382,28.548,28.839,28.73,28.792,28.875,28.974,28.906,28.829,28.699,28.756,28.751,28.6,28.517,28.517,28.418,28.449,28.209,28.267,27.927,28.089,27.933,27.817,27.744,27.55,27.366,27.324,27.282,27.108,27.024,26.924,26.871,26.929,26.982,26.902,26.929,26.966,26.987,26.987,26.918,0.0,0.0,0.0,0.0,0.0,0.0,0.0,0.0,0.0
0.0,0.0,0.0,0.0,0.0,0.0,0.0,0.0,0.0,0.0,27.755,28.366,28.486,28.543,28.777,28.797,28.74,28.855,28.823,28.88,28.735,28.668,28.574,28.522,28.538,28.532,28.236,28.23,28.225,28.209,27.985,27.99,27.938,27.854,27.645,27.603,27.329,27.324,27.187,27.066,26.95,26.955,26.802,26.902,26.844,26.839,26.924,26.955,27.003,27.003,26.987,0.0,0.0,0.0,0.0,0.0,0.0,0.0,0.0,0.0
0.0,0.0,0.0,0.0,0.0,0.0,0.0,0.0,0.0,0.0,28.011,28.288,28.538,28.683,28.756,28.735,28.657,28.751,28.704,28.751,28.631,28.579,28.506,28.569,28.408,28.428,28.246,28.225,28.178,28.204,27.99,28.142,27.88,27.744,27.66,27.466,27.319,27.119,27.135,27.198,26.939,26.855,26.939,26.792,26.913,26.839,26.797,26.813,26.982,26.876,26.976,0.0,0.0,0.0,0.0,0.0,0.0,0.0,0.0,0.0
0.0,0.0,0.0,0.0,0.0,0.0,0.0,0.0,0.0,0.0,27.969,28.329,28.569,28.6,28.688,28.683,28.699,28.616,28.735,28.579,28.59,28.626,28.532,28.439,28.506,28.413,28.23,28.209,27.974,28.016,27.906,27.823,27.781,27.618,27.592,27.282,27.314,27.129,27.061,26.998,26.955,26.934,26.839,26.797,26.871,26.792,26.887,26.855,26.892,26.813,26.813,0.0,0.0,0.0,0.0,0.0,0.0,0.0,0.0,0.0
0.0,0.0,0.0,0.0,0.0,0.0,0.0,0.0,0.0,0.0,28.1,28.371,28.491,28.569,28.59,28.574,28.553,28.626,28.512,28.475,28.59,28.465,28.382,28.46,28.465,28.397,28.256,28.183,27.974,27.943,27.943,27.812,27.791,27.765,27.466,27.477,27.319,27.05,27.098,26.987,26.892,26.807,26.913,26.876,26.807,26.834,26.781,26.68,26.781,26.813,0.0,0.0,0.0,0.0,0.0,0.0,0.0,0.0,0.0,0.0
0.0,0.0,0.0,0.0,0.0,0.0,0.0,0.0,0.0,27.545,27.545,28.116,28.314,28.47,28.475,28.491,28.522,28.522,28.564,28.439,28.454,28.392,28.47,28.553,28.47,28.371,28.126,28.173,28.152,28.021,27.922,27.854,27.718,27.65,27.613,27.624,27.261,27.171,27.129,26.924,26.966,26.834,26.818,26.786,26.696,26.723,26.739,26.818,26.897,26.797,0.0,0.0,0.0,0.0,0.0,0.0,0.0,0.0,0.0,0.0
0.0,0.0,0.0,0.0,0.0,0.0,0.0,0.0,0.0,26.352,27.534,27.938,28.277,28.491,28.371,28.465,28.366,28.465,28.439,28.465,28.449,28.449,28.418,28.309,28.251,28.194,28.142,28.131,27.948,27.896,27.891,27.859,27.603,27.571,27.576,27.424,27.403,27.282,27.177,27.04,26.966,26.797,26.823,26.776,26.76,26.887,26.654,26.739,26.829,26.781,0.0,0.0,0.0,0.0,0.0,0.0,0.0,0.0,0.0,0.0
0.0,0.0,0.0,0.0,0.0,0.0,0.0,0.0,0.0,26.643,27.655,28.11,28.173,28.314,28.408,28.376,28.376,28.392,28.361,28.277,28.418,28.309,28.272,28.272,28.262,28.199,28.288,28.178,28.011,27.927,27.891,27.718,27.566,27.534,27.639,27.477,27.298,27.293,27.05,27.034,26.902,26.902,26.749,26.792,26.755,26.712,26.781,26.855,26.733,0.0,0.0,0.0,0.0,0.0,0.0,0.0,0.0,0.0,0.0,0.0
0.0,0.0,0.0,0.0,0.0,0.0,0.0,0.0,0.0,27.056,27.739,28.001,28.241,28.303,28.256,28.392,28.345,28.23,28.293,28.329,28.246,28.246,28.215,28.262,28.22,28.225,28.058,28.095,27.964,27.896,27.943,27.749,27.597,27.45,27.466,27.461,27.324,27.224,27.282,26.966,26.934,26.86,26.823,26.723,26.749,26.739,26.749,26.797,26.818,0.0,0.0,0.0,0.0,0.0,0.0,0.0,0.0,0.0,0.0,0.0
0.0,0.0,0.0,0.0,0.0,0.0,0.0,0.0,25.537,27.161,27.739,27.906,28.079,28.189,28.22,28.272,28.152,28.267,28.215,28.282,28.22,28.23,28.246,28.178,28.194,28.116,28.032,28.042,28.069,27.838,27.781,27.76,27.54,27.466,27.44,27.377,27.366,27.282,27.145,27.082,27.034,26.855,26.85,26.818,26.881,26.797,26.829,26.929,26.85,0.0,0.0,0.0,0.0,0.0,0.0,0.0,0.0,0.0,0.0,0.0
0.0,0.0,0.0,0.0,0.0,0.0,0.0,0.0,26.113,27.35,27.791,27.995,28.053,27.974,28.173,28.256,28.183,28.173,28.147,28.136,28.089,28.147,28.173,28.173,28.063,28.147,27.964,27.943,27.974,27.781,27.791,27.692,27.461,27.435,27.403,27.456,27.361,27.287,27.061,27.045,26.982,26.924,26.871,26.887,26.924,26.823,26.829,26.897,26.844,0.0,0.0,0.0,0.0,0.0,0.0,0.0,0.0,0.0,0.0,0.0
0.0,0.0,0.0,0.0,0.0,0.0,0.0,0.0,26.887,27.508,27.891,28.079,28.048,28.116,28.163,28.089,28.042,28.11,28.1,28.089,28.152,28.069,28.037,28.105,28.1,28.105,27.964,27.849,27.838,27.692,27.728,27.529,27.655,27.429,27.429,27.466,27.35,27.224,27.024,27.029,26.876,26.918,26.908,26.955,26.776,26.887,26.913,26.818,0.0,0.0,0.0,0.0,0.0,0.0,0.0,0.0,0.0,0.0,0.0,0.0
0.0,0.0,0.0,0.0,0.0,0.0,0.0,0.0,27.05,27.697,27.943,27.964,27.995,28.1,27.969,28.006,27.969,28.063,27.974,28.11,28.011,28.011,27.985,28.074,28.105,27.922,27.896,27.854,27.828,27.786,27.692,27.561,27.634,27.414,27.371,27.308,27.324,27.114,27.198,27.04,27.013,26.971,26.834,26.961,26.844,26.855,26.829,26.924,0.0,0.0,0.0,0.0,0.0,0.0,0.0,0.0,0.0,0.0,0.0,0.0
0.0,0.0,0.0,0.0,0.0,0.0,0.0,0.0,27.298,27.681,27.88,27.922,27.938,28.001,27.896,28.058,27.891,28.053,27.886,27.974,28.042,28.006,27.995,28.042,28.011,28.037,27.854,27.776,27.755,27.639,27.582,27.456,27.482,27.414,27.435,27.377,27.224,27.177,27.135,27.045,27.034,26.929,26.955,26.844,26.924,26.792,26.913,26.913,0.0,0.0,0.0,0.0,0.0,0.0,0.0,0.0,0.0,0.0,0.0,0.0
0.0,0.0,0.0,0.0,0.0,0.0,0.0,26.675,27.366,27.728,27.849,27.854,27.88,27.87,27.943,27.969,27.891,27.844,27.875,27.88,28.006,27.906,27.891,27.802,27.943,27.87,27.807,27.755,27.755,27.728,27.634,27.613,27.519,27.435,27.534,27.545,27.272,27.266,27.135,27.119,26.998,26.918,26.876,26.887,26.902,26.881,26.844,26.897,0.0,0.0,0.0,0.0,0.0,0.0,0.0,0.0,0.0,0.0,0.0,0.0
0.0,0.0,0.0,0.0,0.0,0.0,0.0,26.908,26.908,27.361,27.823,27.786,27.938,27.76,27.906,27.844,27.886,27.88,27.849,27.844,27.87,27.865,27.927,27.786,27.88,27.723,27.765,27.671,27.739,27.728,27.487,27.524,27.582,27.555,27.461,27.392,27.308,27.177,27.193,27.135,26.924,26.908,26.913,26.866,26.85,26.913,26.829,26.844,0.0,0.0,0.0,0.0,0.0,0.0,0.0,0.0,0.0,0.0,0.0,0.0
0.0,0.0,0.0,0.0,0.0,0.0,0.0,25.841,27.077,27.529,27.629,27.744,27.728,27.791,27.765,27.786,27.77,27.844,27.802,27.865,27.922,27.755,27.849,27.76,27.749,27.634,27.765,27.749,27.529,27.561,27.503,27.429,27.408,27.498,27.429,27.324,27.356,27.229,27.066,27.04,26.887,27.019,26.924,26.866,26.834,26.924,26.887,0.0,0.0,0.0,0.0,0.0,0.0,0.0,0.0,0.0,0.0,0.0,0.0,0.0
0.0,0.0,0.0,0.0,0.0,0.0,0.0,26.341,27.129,27.566,27.608,27.812,27.718,27.645,27.692,27.686,27.797,27.797,27.723,27.786,27.765,27.77,27.718,27.723,27.655,27.702,27.608,27.66,27.508,27.571,27.424,27.487,27.503,27.382,27.293,27.35,27.245,27.15,27.114,27.119,27.045,27.045,27.003,26.807,26.829,26.776,26.86,0.0,0.0,0.0,0.0,0.0,0.0,0.0,0.0,0.0,0.0,0.0,0.0,0.0
0.0,0.0,0.0,0.0,0.0,0.0,0.0,26.575,27.277,27.519,27.671,27.692,27.666,27.456,27.603,27.561,27.728,27.671,27.582,27.755,27.645,27.749,27.645,27.639,27.65,27.624,27.592,27.498,27.582,27.639,27.513,27.566,27.429,27.382,27.382,27.429,27.224,27.145,27.071,26.939,27.056,26.86,26.887,26.829,26.939,26.855,27.082,0.0,0.0,0.0,0.0,0.0,0.0,0.0,0.0,0.0,0.0,0.0,0.0,0.0
0.0,0.0,0.0,0.0,0.0,0.0,0.0,26.749,27.219,27.435,27.429,27.618,27.603,27.603,27.655,27.65,27.613,27.692,27.555,27.534,27.671,27.613,27.618,27.545,27.477,27.582,27.597,27.482,27.356,27.382,27.419,27.403,27.424,27.377,27.466,27.135,27.224,27.108,27.156,27.019,26.966,26.929,26.913,26.887,26.855,26.818,0.0,0.0,0.0,0.0,0.0,0.0,0.0,0.0,0.0,0.0,0.0,0.0,0.0,0.0
0.0,0.0,0.0,0.0,0.0,0.0,0.0,26.739,27.24,27.466,27.435,27.419,27.371,27.629,27.624,27.592,27.618,27.576,27.503,27.545,27.571,27.566,27.566,27.398,27.382,27.503,27.456,27.371,27.34,27.34,27.398,27.487,27.35,27.319,27.272,27.224,27.198,27.198,26.971,26.971,26.998,27.087,26.939,26.829,26.797,26.85,0.0,0.0,0.0,0.0,0.0,0.0,0.0,0.0,0.0,0.0,0.0,0.0,0.0,0.0
0.0,0.0,0.0,0.0,0.0,0.0,0.0,26.918,27.224,27.461,27.345,27.492,27.466,27.477,27.54,27.466,27.529,27.466,27.408,27.414,27.487,27.471,27.492,27.477,27.293,27.414,27.477,27.414,27.329,27.298,27.287,27.24,27.308,27.219,27.219,27.156,27.24,27.156,27.008,26.955,26.961,27.003,26.792,26.844,26.686,26.776,0.0,0.0,0.0,0.0,0.0,0.0,0.0,0.0,0.0,0.0,0.0,0.0,0.0,0.0
0.0,0.0,0.0,0.0,0.0,0.0,0.0,26.908,27.15,27.403,27.466,27.435,27.35,27.435,27.524,27.487,27.555,27.44,27.371,27.429,27.45,27.503,27.555,27.392,27.335,27.324,27.429,27.361,27.371,27.361,27.298,27.335,27.198,27.324,27.166,27.219,27.261,27.119,27.034,27.05,26.945,26.966,26.855,26.834,26.728,27.061,0.0,0.0,0.0,0.0,0.0,0.0,0.0,0.0,0.0,0.0,0.0,0.0,0.0,0.0
0.0,0.0,0.0,0.0,0.0,0.0,0.0,27.008,27.14,27.272,27.382,27.371,27.382,27.392,27.445,27.371,27.461,27.377,27.345,27.471,27.403,27.482,27.403,27.324,27.34,27.293,27.287,27.256,27.272,27.293,27.35,27.329,27.272,27.229,27.161,27.235,27.219,27.066,26.966,27.024,26.913,26.744,26.86,26.68,26.617,0.0,0.0,0.0,0.0,0.0,0.0,0.0,0.0,0.0,0.0,0.0,0.0,0.0,0.0,0.0
0.0,0.0,0.0,0.0,0.0,0.0,0.0,26.829,27.145,27.214,27.314,27.424,27.34,27.403,27.371,27.392,27.44,27.166,27.177,27.361,27.287,27.298,27.324,27.329,27.25,27.25,27.303,27.272,27.387,27.235,27.272,27.377,27.34,27.124,27.124,27.14,27.208,26.961,27.029,26.86,26.961,26.813,26.813,26.807,26.543,0.0,0.0,0.0,0.0,0.0,0.0,0.0,0.0,0.0,0.0,0.0,0.0,0.0,0.0,0.0
0.0,0.0,0.0,0.0,0.0,0.0,0.0,26.336,26.829,27.187,27.061,27.166,27.229,27.298,27.245,27.224,27.429,27.287,27.198,27.245,27.319,27.277,27.256,27.293,27.245,27.177,27.256,27.214,27.214,27.24,27.198,27.219,27.245,27.224,27.114,27.103,27.182,26.966,26.913,26.924,26.85,26.881,26.733,26.665,26.548,0.0,0.0,0.0,0.0,0.0,0.0,0.0,0.0,0.0,0.0,0.0,0.0,0.0,0.0,0.0
0.0,0.0,0.0,0.0,0.0,0.0,0.0,26.15,26.755,27.082,27.061,27.156,27.14,27.272,27.156,27.198,27.224,27.224,27.261,27.35,27.193,27.224,27.203,27.261,27.161,27.129,27.235,27.245,27.224,27.129,27.219,27.277,27.208,27.208,27.108,27.135,26.992,26.871,26.918,26.929,26.792,26.733,26.564,26.643,26.357,0.0,0.0,0.0,0.0,0.0,0.0,0.0,0.0,0.0,0.0,0.0,0.0,0.0,0.0,0.0
0.0,0.0,0.0,0.0,0.0,0.0,0.0,25.985,26.606,26.976,27.092,27.114,27.129,27.156,27.245,27.282,27.187,27.161,27.177,27.082,27.156,27.177,27.135,27.124,27.208,27.108,27.156,27.182,27.161,27.145,27.124,27.161,27.066,27.15,27.203,27.098,27.066,26.929,26.971,26.786,26.67,26.68,26.585,26.4,0.0,0.0,0.0,0.0,0.0,0.0,0.0,0.0,0.0,0.0,0.0,0.0,0.0,0.0,0.0,0.0
0.0,0.0,0.0,0.0,0.0,0.0,0.0,25.793,26.4,26.786,26.987,27.045,27.145,27.171,27.108,27.208,27.114,27.103,27.198,27.177,27.071,27.066,27.103,27.135,27.119,27.05,27.114,27.161,27.161,27.003,27.013,26.939,27.071,26.929,27.182,26.971,26.918,26.807,26.744,26.76,26.67,26.495,26.357,26.134,0.0,0.0,0.0,0.0,0.0,0.0,0.0,0.0,0.0,0.0,0.0,0.0,0.0,0.0,0.0,0.0
0.0,0.0,0.0,0.0,0.0,0.0,0.0,0.0,26.437,26.807,26.913,26.929,27.124,27.087,27.108,27.082,27.124,26.961,27.077,27.071,27.008,27.082,27.182,27.103,26.971,27.019,27.066,26.992,26.939,27.056,26.934,26.987,26.976,26.961,27.04,26.834,26.902,26.728,26.649,26.622,26.5,26.416,26.267,25.873,0.0,0.0,0.0,0.0,0.0,0.0,0.0,0.0,0.0,0.0,0.0,0.0,0.0,0.0,0.0,0.0
0.0,0.0,0.0,0.0,0.0,0.0,0.0,0.0,26.357,26.633,26.755,26.955,26.992,26.939,27.124,26.913,27.013,27.061,27.056,26.976,27.024,26.992,26.971,26.939,26.955,26.961,26.961,26.85,26.961,26.908,26.955,26.85,26.913,26.887,26.902,26.887,26.834,26.612,26.564,26.458,26.368,26.219,26.065,0.0,0.0,0.0,0.0,0.0,0.0,0.0,0.0,0.0,0.0,0.0,0.0,0.0,0.0,0.0,0.0,0.0
0.0,0.0,0.0,0.0,0.0,0.0,0.0,0.0,0.0,26.622,26.707,26.85,26.887,27.04,26.966,26.971,26.945,27.034,26.945,26.939,27.008,26.982,26.987,26.939,26.934,26.866,27.05,26.971,26.887,26.871,26.913,26.892,26.881,26.744,26.902,26.802,26.712,26.585,26.516,26.341,26.24,26.193,25.595,0.0,0.0,0.0,0.0,0.0,0.0,0.0,0.0,0.0,0.0,0.0,0.0,0.0,0.0,0.0,0.0,0.0
0.0,0.0,0.0,0.0,0.0,0.0,0.0,0.0,0.0,26.357,26.553,26.654,26.86,27.013,27.003,26.897,27.008,26.924,26.913,26.934,26.892,26.961,26.955,26.866,26.86,26.897,26.902,26.881,26.781,26.807,26.786,26.723,26.818,26.728,26.818,26.68,26.675,26.442,26.463,26.155,26.267,25.617,0.0,0.0,0.0,0.0,0.0,0.0,0.0,0.0,0.0,0.0,0.0,0.0,0.0,0.0,0.0,0.0,0.0,0.0
0.0,0.0,0.0,0.0,0.0,0.0,0.0,0.0,0.0,0.0,26.575,26.749,26.85,26.939,26.818,26.887,26.881,26.913,27.029,26.876,26.892,26.998,26.834,26.881,26.871,26.892,26.918,26.744,26.844,26.717,26.818,26.866,26.755,26.675,26.58,26.601,26.58,26.203,26.224,26.006,25.804,25.017,0.0,0.0,0.0,0.0,0.0,0.0,0.0,0.0,0.0,0.0,0.0,0.0,0.0,0.0,0.0,0.0,0.0,0.0
0.0,0.0,0.0,0.0,0.0,0.0,0.0,0.0,0.0,0.0,26.389,26.633,26.717,26.739,26.765,26.844,26.839,26.913,26.797,26.866,26.818,26.797,26.866,26.866,26.85,26.659,26.86,26.691,26.68,26.596,26.739,26.68,26.612,26.511,26.723,26.575,26.362,26.177,26.224,26.001,25.873,0.0,0.0,0.0,0.0,0.0,0.0,0.0,0.0,0.0,0.0,0.0,0.0,0.0,0.0,0.0,0.0,0.0,0.0,0.0
0.0,0.0,0.0,0.0,0.0,0.0,0.0,0.0,0.0,0.0,0.0,26.24,26.559,26.691,26.702,26.792,26.638,26.765,26.712,26.818,26.728,26.823,26.792,26.77,26.739,26.686,26.654,26.654,26.585,26.606,26.548,26.5,26.553,26.553,26.431,26.32,26.214,25.958,25.878,25.734,0.0,0.0,0.0,0.0,0.0,0.0,0.0,0.0,0.0,0.0,0.0,0.0,0.0,0.0,0.0,0.0,0.0,0.0,0.0,0.0
0.0,0.0,0.0,0.0,0.0,0.0,0.0,0.0,0.0,0.0,0.0,25.91,26.272,26.453,26.665,26.638,26.665,26.675,26.67,26.527,26.696,26.776,26.739,26.823,26.638,26.702,26.691,26.654,26.665,26.506,26.522,26.442,26.537,26.5,26.171,26.246,26.182,25.857,25.777,0.0,0.0,0.0,0.0,0.0,0.0,0.0,0.0,0.0,0.0,0.0,0.0,0.0,0.0,0.0,0.0,0.0,0.0,0.0,0.0,0.0
0.0,0.0,0.0,0.0,0.0,0.0,0.0,0.0,0.0,0.0,0.0,0.0,26.129,26.368,26.5,26.511,26.696,26.67,26.553,26.59,26.59,26.67,26.728,26.728,26.633,26.654,26.516,26.601,26.5,26.384,26.389,26.235,26.256,26.182,26.129,26.155,26.033,25.483,0.0,0.0,0.0,0.0,0.0,0.0,0.0,0.0,0.0,0.0,0.0,0.0,0.0,0.0,0.0,0.0,0.0,0.0,0.0,0.0,0.0,0.0
0.0,0.0,0.0,0.0,0.0,0.0,0.0,0.0,0.0,0.0,0.0,0.0,0.0,26.118,26.405,26.373,26.532,26.543,26.575,26.479,26.421,26.421,26.537,26.511,26.527,26.511,26.585,26.479,26.384,26.283,26.193,26.134,26.187,25.921,25.862,25.868,25.718,0.0,0.0,0.0,0.0,0.0,0.0,0.0,0.0,0.0,0.0,0.0,0.0,0.0,0.0,0.0,0.0,0.0,0.0,0.0,0.0,0.0,0.0,0.0
0.0,0.0,0.0,0.0,0.0,0.0,0.0,0.0,0.0,0.0,0.0,0.0,0.0,0.0,26.086,26.246,26.373,26.484,26.341,26.416,26.506,26.315,26.336,26.304,26.288,26.315,26.325,26.293,26.139,25.996,26.075,25.953,25.793,25.825,25.654,25.617,0.0,0.0,0.0,0.0,0.0,0.0,0.0,0.0,0.0,0.0,0.0,0.0,0.0,0.0,0.0,0.0,0.0,0.0,0.0,0.0,0.0,0.0,0.0,0.0
0.0,0.0,0.0,0.0,0.0,0.0,0.0,0.0,0.0,0.0,0.0,0.0,0.0,0.0,0.0,26.038,26.044,26.32,26.091,26.139,26.208,26.246,26.246,26.166,26.293,26.256,26.267,26.208,25.985,26.012,25.9,25.814,25.66,25.617,0.0,0.0,0.0,0.0,0.0,0.0,0.0,0.0,0.0,0.0,0.0,0.0,0.0,0.0,0.0,0.0,0.0,0.0,0.0,0.0,0.0,0.0,0.0,0.0,0.0,0.0
0.0,0.0,0.0,0.0,0.0,0.0,0.0,0.0,0.0,0.0,0.0,0.0,0.0,0.0,0.0,0.0,26.123,26.123,25.889,25.916,25.873,26.001,25.974,26.081,26.075,26.171,26.118,25.958,25.793,25.697,25.553,25.483,0.0,0.0,0.0,0.0,0.0,0.0,0.0,0.0,0.0,0.0,0.0,0.0,0.0,0.0,0.0,0.0,0.0,0.0,0.0,0.0,0.0,0.0,0.0,0.0,0.0,0.0,0.0,0.0
0.0,0.0,0.0,0.0,0.0,0.0,0.0,0.0,0.0,0.0,0.0,0.0,0.0,0.0,0.0,0.0,0.0,25.772,25.617,25.644,25.798,25.884,25.809,25.841,25.884,25.905,25.889,25.782,25.483,25.355,0.0,0.0,0.0,0.0,0.0,0.0,0.0,0.0,0.0,0.0,0.0,0.0,0.0,0.0,0.0,0.0,0.0,0.0,0.0,0.0,0.0,0.0,0.0,0.0,0.0,0.0,0.0,0.0,0.0,0.0
0.0,0.0,0.0,0.0,0.0,0.0,0.0,0.0,0.0,0.0,0.0,0.0,0.0,0.0,0.0,0.0,0.0,0.0,0.0,0.0,25.494,25.542,25.595,25.628,25.628,25.601,0.0,0.0,0.0,0.0,0.0,0.0,0.0,0.0,0.0,0.0,0.0,0.0,0.0,0.0,0.0,0.0,0.0,0.0,0.0,0.0,0.0,0.0,0.0,0.0,0.0,0.0,0.0,0.0,0.0,0.0,0.0,0.0,0.0,0.0
0.0,0.0,0.0,0.0,0.0,0.0,0.0,0.0,0.0,0.0,0.0,0.0,0.0,0.0,0.0,0.0,0.0,0.0,0.0,0.0,0.0,0.0,0.0,0.0,0.0,0.0,0.0,0.0,0.0,0.0,0.0,0.0,0.0,0.0,0.0,0.0,0.0,0.0,0.0,0.0,0.0,0.0,0.0,0.0,0.0,0.0,0.0,0.0,0.0,0.0,0.0,0.0,0.0,0.0,0.0,0.0,0.0,0.0,0.0,0.0
