0.0,0.0,0.0,0.0,0.0,0.0,0.0,0.0,0.0,0.0,0.0,0.0,0.0,0.0,0.0,0.0,0.0,0.0,0.0,0.0,0.0,0.0,0.0,0.0,0.0,0.0,0.0,0.0,0.0,0.0,0.0,0.0,0.0,0.0,0.0,0.0,0.0,0.0,0.0,0.0,0.0,0.0,0.0,0.0,0.0,0.0,0.0,0.0,0.0,0.0,0.0,0.0,0.0,0.0,0.0,0.0,0.0,0.0,0.0,0.0,0.0,0.0,0.0,0.0,0.0,0.0
0.0,0.0,0.0,0.0,0.0,0.0,0.0,0.0,0.0,0.0,0.0,0.0,0.0,0.0,0.0,26.081,27.785,27.288,28.347,27.309,27.644,27.644,0.0,0.0,0.0,0.0,0.0,0.0,0.0,0.0,0.0,0.0,0.0,0.0,0.0,0.0,0.0,0.0,0.0,0.0,0.0,0.0,0.0,0.0,0.0,0.0,0.0,0.0,0.0,0.0,0.0,0.0,0.0,0.0,0.0,0.0,0.0,0.0,0.0,0.0,0.0,0.0,0.0,0.0,0.0,0.0
0.0,0.0,0.0,0.0,0.0,0.0,0.0,0.0,0.0,0.0,0.0,0.0,0.0,0.0,28.175,28.103,29.441,28.916,29.667,29.405,29.703,29.313,28.994,27.55,0.0,0.0,0.0,0.0,0.0,0.0,0.0,0.0,0.0,0.0,0.0,0.0,0.0,0.0,0.0,0.0,0.0,0.0,0.0,0.0,0.0,0.0,0.0,0.0,0.0,0.0,0.0,0.0,0.0,0.0,0.0,0.0,0.0,0.0,0.0,0.0,0.0,0.0,0.0,0.0,0.0,0.0
0.0,0.0,0.0,0.0,0.0,0.0,0.0,0.0,0.0,0.0,0.0,0.0,0.0,28.165,29.565,29.554,29.595,29.595,29.857,29.867,29.893,29.662,29.698,29.657,29.539,27.952,0.0,0.0,0.0,0.0,0.0,0.0,0.0,0.0,0.0,0.0,0.0,0.0,0.0,0.0,0.0,0.0,0.0,0.0,0.0,0.0,0.0,0.0,0.0,0.0,0.0,0.0,0.0,0.0,0.0,0.0,0.0,0.0,0.0,0.0,0.0,0.0,0.0,0.0,0.0,0.0
0.0,0.0,0.0,0.0,0.0,0.0,0.0,0.0,0.0,0.0,0.0,0.0,29.261,29.436,29.601,29.749,29.806,29.831,30.02,29.847,29.903,29.939,30.01,29.857,29.806,28.901,28.901,0.0,0.0,0.0,27.842,28.74,28.217,28.554,28.393,28.326,27.586,0.0,0.0,0.0,0.0,0.0,0.0,0.0,0.0,0.0,0.0,0.0,0.0,0.0,0.0,0.0,0.0,0.0,0.0,0.0,0.0,0.0,0.0,0.0,0.0,0.0,0.0,0.0,0.0,0.0
0.0,0.0,0.0,0.0,0.0,0.0,0.0,0.0,0.0,0.0,0.0,28.653,29.57,29.831,29.831,29.944,30.031,30.01,30.02,30.02,29.903,30.031,30.031,30.02,29.98,30.041,29.328,28.061,0.0,29.282,29.282,29.112,28.89,28.735,28.704,28.482,28.259,28.284,0.0,0.0,0.0,0.0,0.0,0.0,0.0,0.0,0.0,0.0,0.0,0.0,0.0,0.0,0.0,0.0,0.0,0.0,0.0,0.0,0.0,0.0,0.0,0.0,0.0,0.0,0.0,0.0
0.0,0.0,0.0,0.0,0.0,0.0,0.0,0.0,0.0,0.0,26.472,29.493,29.647,29.749,29.806,30.082,29.785,30.061,30.061,30.184,29.985,30.24,30.087,30.102,30.128,30.097,30.097,30.153,29.606,29.677,29.277,28.968,28.942,28.854,28.854,28.87,28.59,28.476,27.764,0.0,0.0,0.0,0.0,0.0,0.0,0.0,0.0,0.0,0.0,0.0,0.0,0.0,0.0,0.0,0.0,0.0,0.0,0.0,0.0,0.0,0.0,0.0,0.0,0.0,0.0,0.0
0.0,0.0,0.0,0.0,0.0,0.0,0.0,0.0,0.0,0.0,29.009,29.785,29.8,30.097,30.097,30.036,30.0,30.214,30.051,30.189,30.163,30.199,30.199,30.071,30.199,30.301,30.362,30.235,29.985,29.642,29.642,29.267,29.05,28.942,28.896,28.787,28.559,28.476,28.279,27.993,0.0,0.0,0.0,0.0,0.0,0.0,0.0,0.0,0.0,0.0,0.0,0.0,0.0,0.0,0.0,0.0,0.0,0.0,0.0,0.0,0.0,0.0,0.0,0.0,0.0,0.0
0.0,0.0,0.0,0.0,0.0,0.0,0.0,0.0,0.0,29.703,29.703,29.893,29.928,30.01,29.99,30.199,30.204,30.23,30.23,30.26,30.235,30.189,30.163,30.163,30.158,30.301,30.25,30.398,30.24,30.092,29.483,29.267,29.112,28.942,28.932,28.808,28.735,28.596,28.238,27.972,26.208,0.0,0.0,0.0,0.0,0.0,0.0,0.0,0.0,0.0,0.0,0.0,0.0,0.0,0.0,0.0,0.0,0.0,0.0,0.0,0.0,0.0,0.0,0.0,0.0,0.0
0.0,0.0,0.0,0.0,0.0,0.0,0.0,0.0,0.0,29.852,29.872,29.923,30.005,30.01,30.199,30.168,30.209,30.276,30.347,30.26,30.138,30.189,30.245,30.133,30.26,30.189,30.408,30.545,30.22,29.785,29.887,29.503,29.256,28.957,28.818,28.813,28.746,28.539,28.606,28.295,27.262,26.123,26.044,0.0,0.0,0.0,0.0,0.0,0.0,0.0,0.0,0.0,0.0,0.0,0.0,0.0,0.0,0.0,0.0,0.0,0.0,0.0,0.0,0.0,0.0,0.0
0.0,0.0,0.0,0.0,0.0,0.0,0.0,0.0,29.698,29.852,29.923,30.051,30.026,30.046,30.209,30.194,30.22,30.291,30.388,30.316,30.311,30.265,30.214,30.301,30.225,30.168,30.286,30.393,30.352,30.051,29.759,29.457,29.159,29.148,28.994,28.906,28.74,28.549,28.57,28.061,27.346,26.91,27.665,27.104,26.91,0.0,0.0,0.0,0.0,0.0,0.0,0.0,0.0,0.0,0.0,0.0,0.0,0.0,0.0,0.0,0.0,0.0,0.0,0.0,0.0,0.0
0.0,0.0,0.0,0.0,0.0,0.0,0.0,0.0,29.872,29.944,30.056,30.087,30.097,30.112,30.332,30.296,30.296,30.276,30.347,30.184,30.194,30.327,30.291,30.138,30.174,30.23,30.271,30.439,30.296,29.928,29.847,29.713,29.21,29.189,28.942,28.926,28.74,28.549,28.549,28.502,27.993,27.946,27.665,27.545,26.91,26.361,0.0,0.0,0.0,0.0,0.0,0.0,0.0,0.0,0.0,0.0,0.0,0.0,0.0,0.0,0.0,0.0,0.0,0.0,0.0,0.0
0.0,0.0,0.0,0.0,0.0,0.0,0.0,0.0,29.918,29.944,30.123,30.123,30.24,30.25,30.281,30.265,30.286,30.393,30.24,30.194,30.306,30.245,30.23,30.102,30.174,30.22,30.22,30.281,30.479,30.306,29.847,29.518,29.21,29.159,29.159,28.978,28.896,28.777,28.689,28.451,28.092,27.764,27.764,27.701,27.414,27.319,26.963,0.0,0.0,0.0,0.0,0.0,0.0,0.0,0.0,0.0,0.0,0.0,0.0,0.0,0.0,0.0,0.0,0.0,0.0,0.0
0.0,0.0,0.0,0.0,0.0,0.0,0.0,29.667,29.893,30.026,30.168,30.291,30.24,30.281,30.281,30.342,30.408,30.383,30.24,30.281,30.306,30.199,30.199,30.163,30.158,30.255,30.23,30.449,30.551,30.245,30.245,29.729,29.334,29.184,29.195,29.112,28.937,28.823,28.823,28.357,28.139,27.92,27.811,27.633,27.586,27.581,27.581,27.246,0.0,0.0,0.0,0.0,0.0,0.0,0.0,0.0,0.0,0.0,0.0,0.0,0.0,0.0,0.0,0.0,0.0,0.0
0.0,0.0,0.0,0.0,0.0,0.0,0.0,29.903,29.893,30.077,30.168,30.24,30.265,30.393,30.444,30.378,30.306,30.403,30.337,30.286,30.286,30.281,30.265,30.306,30.179,30.276,30.276,30.423,30.612,30.464,30.128,29.708,29.58,29.411,29.411,29.457,29.231,28.947,28.663,28.264,28.014,27.847,27.847,27.78,27.675,27.33,27.288,27.246,26.441,0.0,0.0,0.0,0.0,0.0,0.0,0.0,0.0,0.0,0.0,0.0,0.0,0.0,0.0,0.0,0.0,0.0
0.0,0.0,0.0,0.0,0.0,0.0,29.857,29.949,30.051,30.143,30.255,30.454,30.281,30.439,30.337,30.434,30.311,30.291,30.301,30.301,30.214,30.276,30.327,30.362,30.24,30.286,30.535,30.556,30.698,30.708,30.708,30.179,29.949,29.887,29.57,29.457,29.39,28.947,28.653,28.347,28.227,28.103,27.821,27.78,27.696,27.33,27.409,27.424,27.33,26.287,0.0,0.0,0.0,0.0,0.0,0.0,0.0,0.0,0.0,0.0,0.0,0.0,0.0,0.0,0.0,0.0
0.0,0.0,0.0,0.0,0.0,0.0,29.816,30.163,30.112,30.321,30.342,30.337,30.515,30.495,30.413,30.352,30.352,30.347,30.316,30.281,30.281,30.352,30.153,30.362,30.398,30.286,30.449,30.449,30.739,30.815,30.688,30.179,30.199,29.887,30.418,29.985,29.765,29.035,28.621,28.279,28.238,28.009,27.998,27.832,27.832,27.733,27.612,27.497,27.062,26.414,27.031,26.805,0.0,0.0,0.0,0.0,0.0,0.0,0.0,0.0,0.0,0.0,0.0,0.0,0.0,0.0
0.0,0.0,0.0,0.0,0.0,0.0,30.077,30.153,30.174,30.327,30.311,30.337,30.556,30.495,30.408,30.408,30.398,30.378,30.337,30.281,30.235,30.352,30.296,30.296,30.271,30.383,30.464,30.576,30.941,30.835,30.728,30.728,30.911,30.688,30.997,30.449,29.416,28.973,28.575,28.373,28.362,28.123,28.019,27.894,27.915,27.764,27.769,27.753,27.707,27.424,27.209,27.183,26.894,0.0,0.0,0.0,0.0,0.0,0.0,0.0,0.0,0.0,0.0,0.0,0.0,0.0
0.0,0.0,0.0,0.0,0.0,29.282,30.133,30.153,30.306,30.327,30.612,30.612,30.601,30.566,30.474,30.495,30.454,30.301,30.296,30.296,30.25,30.296,30.316,30.393,30.418,30.454,30.652,30.652,30.982,31.007,30.916,30.815,31.012,31.012,30.739,30.739,29.703,29.195,28.834,28.57,28.331,28.181,28.409,28.212,28.071,28.009,27.769,27.696,27.707,27.288,27.288,27.241,27.146,27.057,0.0,0.0,0.0,0.0,0.0,0.0,0.0,0.0,0.0,0.0,0.0,0.0
0.0,0.0,0.0,0.0,0.0,29.882,30.291,30.291,30.423,30.459,30.673,30.596,30.612,30.688,30.652,30.652,30.551,30.383,30.5,30.306,30.296,30.362,30.474,30.474,30.408,30.449,30.723,30.805,31.033,30.992,30.855,30.855,31.134,31.215,31.103,30.637,29.703,29.261,28.834,29.009,28.896,28.585,28.409,28.342,28.071,28.165,28.165,27.67,27.576,27.424,27.351,27.298,27.225,27.246,27.246,0.0,0.0,0.0,0.0,0.0,0.0,0.0,0.0,0.0,0.0,0.0
0.0,0.0,0.0,0.0,0.0,30.005,30.413,30.372,30.525,30.469,30.805,30.805,30.855,30.708,30.713,30.703,30.606,30.434,30.52,30.52,30.52,30.388,30.408,30.479,30.408,30.703,30.723,30.916,31.017,31.093,31.028,30.962,31.134,31.088,31.174,31.078,30.495,29.79,29.251,29.004,28.575,28.678,28.451,28.735,28.456,28.3,28.113,27.581,27.492,27.45,27.45,27.377,27.272,27.346,27.052,26.82,0.0,0.0,0.0,0.0,0.0,0.0,0.0,0.0,0.0,0.0
0.0,0.0,0.0,0.0,0.0,30.321,30.586,30.586,30.713,30.759,30.81,30.916,30.855,30.794,30.713,30.815,30.769,30.749,30.606,30.444,30.52,30.449,30.342,30.444,30.53,30.617,30.728,31.073,31.038,30.936,30.926,30.957,30.921,31.27,31.2,30.957,30.52,29.831,29.4,29.693,29.303,29.225,28.88,28.978,28.637,28.087,27.8,27.759,27.649,27.482,27.377,27.356,27.356,27.393,27.393,27.251,0.0,0.0,0.0,0.0,0.0,0.0,0.0,0.0,0.0,0.0
0.0,0.0,0.0,0.0,29.143,30.434,30.444,30.622,30.713,30.84,30.82,30.896,30.81,30.881,30.962,31.002,30.794,30.957,30.713,30.784,30.733,30.632,30.581,30.728,30.81,31.048,31.144,31.174,31.098,30.82,30.906,30.901,30.952,31.179,31.225,31.053,31.119,30.825,30.107,29.775,29.508,29.349,29.241,29.395,29.097,28.57,27.832,27.759,27.691,27.482,27.571,27.492,27.45,27.377,27.414,27.251,26.641,0.0,0.0,0.0,0.0,0.0,0.0,0.0,0.0,0.0
0.0,0.0,0.0,0.0,30.286,30.84,30.733,30.87,30.87,31.012,31.043,31.159,30.921,31.083,31.012,31.179,31.154,31.265,31.048,31.002,30.962,30.977,30.789,31.022,31.078,31.28,31.164,30.85,30.774,30.84,30.84,30.617,30.774,30.794,30.972,31.053,30.84,30.825,30.393,30.393,30.143,29.847,30.02,29.395,28.699,28.233,28.004,28.004,27.821,27.806,27.759,27.471,27.592,27.55,27.565,27.45,27.456,0.0,0.0,0.0,0.0,0.0,0.0,0.0,0.0,0.0
0.0,0.0,0.0,0.0,30.25,30.82,30.977,31.063,30.921,31.114,31.028,31.29,31.29,31.265,31.316,31.477,31.543,31.528,31.26,31.518,31.2,31.093,31.174,31.022,31.245,31.28,30.87,30.87,30.84,30.612,30.54,30.617,30.581,30.754,30.789,30.789,30.901,30.718,30.561,30.576,30.367,30.332,30.123,30.123,29.153,28.601,28.149,28.014,27.837,27.66,27.853,27.853,27.696,27.738,27.769,27.733,27.183,25.698,0.0,0.0,0.0,0.0,0.0,0.0,0.0,0.0
0.0,0.0,0.0,0.0,30.713,30.997,30.936,31.043,31.043,31.022,31.184,31.159,31.22,31.265,31.497,31.477,31.533,31.603,31.568,31.518,31.523,31.341,31.361,31.361,31.23,31.25,30.799,30.693,30.535,30.591,30.413,30.413,30.174,30.388,30.286,30.749,30.703,30.596,30.342,30.342,30.342,30.352,30.566,30.107,29.184,28.653,28.165,28.165,28.129,27.978,28.051,27.785,28.009,27.795,27.863,27.863,27.753,26.941,0.0,0.0,0.0,0.0,0.0,0.0,0.0,0.0
0.0,0.0,0.0,0.0,30.678,30.784,30.962,31.033,30.992,31.088,31.073,31.144,31.144,31.336,31.28,31.422,31.417,31.523,31.396,31.528,31.331,31.346,31.26,31.245,30.799,30.83,30.53,30.53,30.311,30.398,30.117,30.133,30.061,30.168,30.25,30.25,30.281,30.321,30.327,30.403,30.362,30.52,30.581,30.581,29.887,29.184,28.772,28.451,28.129,28.134,28.051,28.113,27.926,28.103,28.009,28.051,27.936,26.012,0.0,0.0,0.0,0.0,0.0,0.0,0.0,0.0
0.0,0.0,0.0,30.168,30.85,30.946,30.992,30.946,30.962,31.002,31.033,31.058,31.119,31.25,31.2,31.321,31.26,31.366,31.179,31.321,31.134,31.108,30.81,30.825,30.535,30.571,30.265,30.291,30.051,30.107,30.123,30.123,30.071,30.031,30.123,30.026,30.281,30.168,30.327,30.077,30.388,30.378,30.561,30.596,29.949,29.21,28.797,28.828,28.445,28.352,28.259,28.482,28.129,28.342,28.196,28.419,28.118,27.314,26.139,0.0,0.0,0.0,0.0,0.0,0.0,0.0
0.0,0.0,0.0,30.683,30.83,30.936,30.982,31.022,31.043,30.906,30.931,30.972,30.957,31.119,31.164,31.27,31.098,31.139,30.667,30.881,30.881,30.596,30.703,30.642,30.535,30.296,30.265,30.174,30.174,30.046,30.046,30.056,29.928,30.015,30.179,29.985,29.903,30.071,30.036,30.051,30.082,30.439,30.606,30.642,30.764,30.087,29.4,29.035,28.627,28.673,28.482,28.74,28.632,28.549,28.482,28.305,27.9,27.633,27.325,27.33,0.0,0.0,0.0,0.0,0.0,0.0
0.0,0.0,0.0,30.637,30.84,30.967,30.982,30.957,30.957,30.87,30.881,30.703,30.957,30.982,31.164,30.698,30.698,30.54,30.657,30.398,30.505,30.342,30.418,30.301,30.301,30.117,30.209,30.046,30.092,29.923,29.985,29.898,29.898,29.959,29.826,29.954,29.877,29.928,30.046,29.857,30.066,30.087,30.337,30.316,30.693,30.061,29.503,29.985,29.328,29.339,28.988,29.03,28.715,28.528,28.388,28.388,27.727,27.68,27.748,27.33,27.225,0.0,0.0,0.0,0.0,0.0
0.0,0.0,0.0,30.698,30.698,30.825,30.931,30.845,30.799,30.723,30.728,30.495,30.495,30.403,30.5,30.133,30.311,30.036,30.194,30.148,30.148,30.02,30.168,30.036,30.148,30.112,30.112,30.107,30.107,30.046,29.913,29.944,29.928,30.005,29.928,29.903,29.903,29.903,29.872,29.944,29.928,29.785,30.015,30.015,30.209,30.378,30.194,29.985,29.585,29.339,29.477,29.477,29.339,28.859,28.139,27.936,27.66,27.597,27.612,27.612,27.503,0.0,0.0,0.0,0.0,0.0
0.0,0.0,0.0,30.561,30.556,30.479,30.551,30.372,30.372,30.031,30.112,29.918,29.939,29.939,30.066,29.934,29.934,29.708,29.79,29.821,29.872,29.862,30.01,30.041,30.041,29.98,30.041,30.036,29.98,30.184,30.117,29.944,30.051,30.046,29.939,29.862,29.821,29.903,29.862,29.944,29.857,29.816,29.749,29.954,29.775,30.128,30.0,30.0,29.821,29.99,29.995,29.765,28.988,28.513,27.602,27.602,27.738,27.633,27.576,27.628,27.727,27.225,0.0,0.0,0.0,0.0
0.0,0.0,30.097,30.316,30.316,30.22,30.179,30.061,30.107,29.667,29.841,29.616,29.616,29.431,29.785,29.677,29.841,29.708,29.647,29.821,29.739,29.862,29.898,30.128,30.02,29.98,30.036,30.036,30.031,29.995,30.071,30.112,30.102,29.969,29.959,29.795,29.811,29.893,29.862,29.759,29.688,29.672,29.724,29.677,29.554,29.56,29.734,29.974,29.683,29.913,30.02,30.02,29.241,28.523,27.884,27.753,27.712,27.565,27.56,27.56,27.67,27.524,0.0,0.0,0.0,0.0
0.0,0.0,29.882,30.138,30.327,30.22,29.939,30.061,29.708,29.683,29.59,29.606,29.441,29.431,29.631,29.677,29.524,29.672,29.565,29.759,29.754,29.78,29.831,29.893,29.944,30.046,29.944,30.071,30.082,30.112,30.184,30.097,30.102,29.969,30.0,30.066,29.811,29.765,29.831,29.754,29.759,29.662,29.421,29.652,29.472,29.575,29.724,29.724,29.887,29.918,30.077,29.939,28.647,28.207,27.884,27.847,27.795,27.769,27.806,27.701,27.67,27.722,0.0,0.0,0.0,0.0
0.0,0.0,30.097,30.138,30.051,30.051,29.667,29.77,29.472,29.539,29.462,29.554,29.313,29.39,29.385,29.56,29.421,29.554,29.534,29.724,29.58,29.554,29.795,29.836,30.005,30.046,30.066,30.117,30.066,30.189,30.179,30.163,30.123,30.066,29.944,29.923,29.77,29.811,29.744,29.811,29.667,29.462,29.421,29.411,29.411,29.508,29.585,29.657,29.887,29.898,30.077,29.923,29.498,28.44,28.035,27.759,27.785,27.701,27.743,27.915,27.623,27.915,0.0,0.0,0.0,0.0
0.0,0.0,29.985,29.949,29.964,29.795,29.503,29.534,29.38,29.38,29.318,29.256,29.292,29.328,29.297,29.354,29.436,29.385,29.385,29.56,29.575,29.698,29.698,29.918,29.923,29.898,29.985,30.128,30.158,30.23,30.179,30.194,30.194,29.995,29.959,29.903,29.77,29.811,29.744,29.56,29.56,29.59,29.529,29.529,29.554,29.411,29.447,29.544,29.544,29.636,29.867,29.724,29.2,28.43,28.113,28.087,27.92,27.879,27.795,27.827,27.769,27.753,27.466,0.0,0.0,0.0
0.0,0.0,29.887,29.913,29.672,29.672,29.472,29.328,29.246,29.287,29.225,29.287,29.2,29.2,29.071,29.231,29.436,29.282,29.385,29.385,29.385,29.57,29.585,29.78,29.923,30.01,29.985,30.046,30.046,30.25,30.138,30.214,30.123,30.01,30.036,29.887,29.887,29.8,29.847,29.647,29.626,29.601,29.508,29.472,29.472,29.472,29.513,29.457,29.498,29.636,29.79,29.616,29.616,28.896,28.425,28.253,27.993,27.868,27.941,28.03,27.821,27.769,27.795,0.0,0.0,0.0
0.0,29.184,29.744,29.811,29.688,29.441,29.472,29.231,29.246,29.102,29.153,29.055,29.143,29.159,29.071,29.22,29.4,29.189,29.441,29.447,29.39,29.657,29.79,29.923,29.923,29.969,30.005,30.128,30.082,30.184,30.102,30.107,30.107,30.041,30.0,29.923,29.887,29.847,29.754,29.795,29.795,29.749,29.606,29.529,29.452,29.508,29.416,29.38,29.38,29.375,29.58,29.524,29.395,28.896,28.388,28.253,28.191,28.149,28.056,28.03,27.884,27.769,27.873,0.0,0.0,0.0
0.0,29.672,29.744,29.488,29.498,29.21,29.22,29.107,29.195,28.988,29.122,29.025,29.138,29.076,29.133,29.086,29.086,29.339,29.225,29.518,29.524,29.549,29.672,29.806,29.8,29.985,30.0,30.143,30.143,30.174,30.26,30.174,30.189,30.071,29.944,29.887,29.887,29.887,29.841,29.847,29.785,29.749,29.698,29.529,29.457,29.493,29.39,29.344,29.38,29.375,29.441,29.524,29.375,29.334,28.999,28.399,28.393,28.201,28.123,27.967,28.009,27.988,27.842,0.0,0.0,0.0
0.0,29.534,29.749,29.421,29.426,29.102,29.148,28.973,28.988,28.973,28.932,28.844,28.968,28.87,29.019,29.164,29.2,29.184,29.21,29.318,29.518,29.667,29.811,29.857,29.918,29.98,30.128,30.199,30.209,30.174,30.179,30.174,30.194,30.112,30.015,29.841,29.867,29.887,29.857,29.847,29.841,29.693,29.734,29.672,29.411,29.544,29.39,29.431,29.354,29.282,29.2,29.179,29.282,29.39,28.942,28.497,28.73,28.43,28.331,28.222,28.253,27.967,27.811,27.047,0.0,0.0
0.0,29.58,29.642,29.261,29.143,29.025,29.009,28.834,28.854,28.756,28.787,28.834,28.906,28.896,28.926,28.968,29.092,29.184,29.297,29.318,29.636,29.636,29.785,29.601,29.887,29.98,30.046,30.189,30.245,30.245,30.204,30.23,30.102,30.077,30.0,29.918,29.887,29.913,29.847,29.847,29.795,29.749,29.708,29.606,29.472,29.4,29.246,29.282,28.978,29.107,29.055,29.159,29.112,29.339,29.246,29.086,28.865,28.637,28.502,28.305,28.451,28.279,28.144,27.56,0.0,0.0
0.0,29.297,29.334,29.246,29.061,29.025,28.942,28.834,28.87,28.87,28.751,28.849,28.823,28.896,29.014,29.071,29.117,29.117,29.184,29.375,29.426,29.549,29.806,29.816,29.841,29.841,30.077,30.148,30.209,30.235,30.342,30.189,30.066,30.066,29.985,29.893,29.893,29.939,29.887,29.826,29.831,29.785,29.642,29.544,29.57,29.375,29.133,29.195,29.133,29.128,29.112,29.066,29.112,29.086,29.246,29.03,29.03,28.911,28.673,28.487,28.451,28.108,28.144,26.926,0.0,0.0
0.0,29.297,29.267,29.148,28.859,28.859,28.782,28.808,28.766,28.647,28.74,28.761,28.808,28.808,28.834,28.968,29.004,29.184,29.272,29.344,29.508,29.508,29.708,29.749,29.882,30.02,30.087,30.092,30.25,30.25,30.209,30.23,30.225,30.061,30.061,29.939,29.862,29.862,29.898,29.847,29.831,29.729,29.642,29.601,29.601,29.39,29.272,29.205,29.133,29.045,29.112,28.89,28.89,28.777,28.88,28.839,28.921,28.818,28.854,28.544,28.544,28.456,28.233,27.555,0.0,0.0
0.0,29.303,29.205,29.189,28.823,28.88,28.777,28.673,28.709,28.709,28.766,28.715,28.72,28.844,28.859,28.963,29.174,29.174,29.246,29.308,29.467,29.621,29.749,29.934,30.036,30.036,30.041,30.199,30.184,30.306,30.209,30.112,30.225,30.082,30.015,29.949,29.877,29.867,29.898,29.852,29.852,29.642,29.657,29.595,29.513,29.339,29.097,29.014,29.014,28.906,28.911,28.89,28.911,28.725,28.694,28.694,28.694,28.466,28.554,28.554,28.451,28.388,28.155,26.457,0.0,0.0
0.0,29.246,29.143,28.978,28.839,28.839,28.684,28.689,28.596,28.632,28.689,28.704,28.834,28.834,28.782,28.942,29.045,29.025,29.246,29.344,29.467,29.585,29.662,29.934,29.939,30.071,30.071,30.26,30.347,30.281,30.413,30.133,30.148,30.061,30.01,29.98,29.98,29.923,29.898,29.867,29.877,29.759,29.616,29.626,29.626,29.282,29.344,29.097,28.988,28.963,28.901,28.787,28.787,28.699,28.518,28.518,28.513,28.388,28.466,28.295,28.295,28.404,28.305,28.045,0.0,0.0
0.0,29.231,29.231,29.04,28.875,28.797,28.684,28.621,28.596,28.575,28.585,28.601,28.777,28.787,28.906,28.999,28.983,29.055,29.215,29.364,29.513,29.672,29.683,29.959,29.969,30.225,30.036,30.347,30.372,30.378,30.316,30.046,30.112,30.138,30.01,29.959,29.969,29.893,29.923,29.806,29.657,29.636,29.647,29.503,29.369,29.2,29.272,28.978,28.978,28.999,28.865,28.865,28.601,28.699,28.528,28.518,28.419,28.492,28.284,28.264,28.196,28.404,28.108,27.534,0.0,0.0
0.0,29.231,29.122,29.05,28.823,28.792,28.792,28.715,28.709,28.725,28.694,28.627,28.828,28.761,28.787,28.911,28.957,29.05,29.287,29.534,29.483,29.626,29.698,29.934,29.985,30.209,30.214,30.306,30.372,30.296,30.271,30.199,30.077,30.01,29.985,29.98,29.964,29.964,29.831,29.836,29.606,29.636,29.657,29.503,29.292,29.292,29.282,29.03,29.045,28.999,28.963,28.709,28.621,28.575,28.44,28.383,28.435,28.238,28.129,28.222,28.212,28.175,28.03,27.78,0.0,0.0
0.0,29.174,29.174,29.148,28.942,28.849,28.756,28.668,28.658,28.596,28.596,28.673,28.772,28.782,28.813,28.901,29.107,29.102,29.122,29.405,29.636,29.688,29.852,29.99,30.082,30.082,30.214,30.388,30.225,30.296,30.316,30.199,30.087,30.087,30.107,29.954,29.944,29.811,29.852,29.887,29.841,29.841,29.462,29.513,29.513,29.359,29.097,29.066,28.973,28.973,28.963,28.87,28.632,28.554,28.419,28.316,28.274,28.201,28.113,28.201,28.056,27.905,27.853,27.194,0.0,0.0
0.0,29.102,29.21,29.159,28.89,28.875,28.875,28.689,28.684,28.673,28.673,28.673,28.616,28.782,28.751,28.839,28.963,29.102,29.164,29.405,29.56,29.56,29.847,29.928,30.061,30.102,30.301,30.403,30.311,30.311,30.301,30.327,30.143,30.107,29.969,30.015,29.934,29.934,29.821,29.724,29.672,29.647,29.503,29.601,29.205,29.205,29.102,29.122,29.055,28.911,28.766,28.725,28.476,28.476,28.409,28.373,28.284,28.134,28.04,28.03,28.009,27.894,27.905,27.738,0.0,0.0
0.0,29.102,29.385,29.287,29.112,28.854,28.849,28.689,28.725,28.673,28.699,28.539,28.715,28.715,28.901,28.932,29.045,29.045,29.2,29.303,29.58,29.693,29.749,29.862,30.112,30.112,30.276,30.306,30.265,30.372,30.316,30.265,30.153,30.153,30.077,30.0,29.872,29.841,29.667,29.693,29.513,29.513,29.493,29.441,29.323,29.272,29.086,29.138,29.055,28.957,28.896,28.699,28.596,28.414,28.409,28.253,28.284,28.196,28.056,28.025,28.009,27.993,27.936,27.482,27.482,0.0
0.0,29.282,29.416,29.246,29.117,29.03,29.117,28.88,28.834,28.746,28.756,28.689,28.653,28.766,28.813,28.854,28.978,29.107,29.195,29.4,29.544,29.688,29.739,29.831,30.061,30.077,30.327,30.327,30.327,30.327,30.337,30.357,30.255,30.184,30.026,29.995,29.872,29.806,29.77,29.601,29.626,29.472,29.493,29.323,29.323,29.267,29.267,28.947,29.076,28.963,28.766,28.601,28.642,28.616,28.409,28.29,28.238,28.061,28.04,28.035,27.983,27.868,27.842,27.753,26.815,0.0
0.0,29.323,29.488,29.524,29.241,29.267,28.942,28.808,28.834,28.725,28.797,28.766,28.766,28.865,29.009,28.916,29.102,29.267,29.292,29.318,29.549,29.631,29.903,29.811,30.061,30.276,30.276,30.383,30.321,30.327,30.337,30.199,30.255,30.235,30.102,29.928,29.882,29.785,29.719,29.601,29.621,29.426,29.452,29.354,29.308,29.231,29.236,29.071,28.973,28.947,28.813,28.678,28.632,28.497,28.149,28.097,28.155,28.087,28.056,27.837,27.946,27.863,27.873,27.707,26.012,0.0
0.0,29.441,29.575,29.416,29.287,29.159,29.282,28.973,28.859,28.901,28.797,28.859,28.766,28.772,28.772,29.03,28.968,29.236,29.292,29.405,29.549,29.739,29.739,30.005,30.087,30.107,30.296,30.357,30.423,30.393,30.393,30.316,30.357,30.163,30.01,30.005,29.754,29.713,29.744,29.595,29.529,29.457,29.313,29.323,29.246,29.292,29.205,29.128,29.03,28.999,28.803,28.575,28.533,28.497,28.362,28.233,28.04,28.051,28.019,28.009,27.853,27.853,27.795,27.691,27.298,0.0
0.0,29.652,29.652,29.477,29.431,29.287,29.282,29.035,28.859,28.999,28.999,28.828,28.947,29.05,28.988,29.055,29.138,29.236,29.236,29.503,29.595,29.698,29.872,29.923,30.077,30.271,30.271,30.291,30.449,30.434,30.225,30.337,30.24,30.291,30.255,29.934,29.852,29.724,29.698,29.565,29.544,29.426,29.426,29.277,29.148,29.169,29.097,29.128,28.999,28.999,28.823,28.777,28.544,28.497,28.227,28.233,28.082,28.082,28.04,28.009,27.936,27.905,27.863,27.79,26.552,0.0
0.0,29.493,29.549,29.544,29.426,29.287,29.287,29.339,29.061,29.122,29.045,29.081,29.019,29.066,29.066,29.231,29.287,29.467,29.344,29.575,29.647,29.754,29.754,29.913,29.944,30.179,30.372,30.306,30.454,30.413,30.413,30.388,30.464,30.22,30.112,29.934,29.867,29.867,29.662,29.693,29.513,29.426,29.277,29.277,29.2,29.2,29.081,29.092,28.983,28.963,28.911,28.658,28.518,28.518,28.233,28.243,28.035,28.045,27.889,28.045,27.847,27.847,27.967,27.67,27.414,0.0
0.0,0.0,29.595,29.529,29.452,29.436,29.328,29.339,29.225,29.246,29.246,29.339,29.21,29.261,29.308,29.22,29.411,29.436,29.436,29.647,29.642,29.8,29.898,29.913,30.061,30.179,30.316,30.408,30.388,30.444,30.383,30.388,30.352,30.22,30.117,30.107,29.887,29.775,29.708,29.647,29.359,29.359,29.375,29.313,29.184,29.148,29.045,29.153,28.942,28.942,28.715,28.601,28.585,28.508,28.227,28.248,28.201,28.201,27.853,27.837,27.858,27.821,27.712,27.696,27.11,0.0
0.0,0.0,29.524,29.477,29.549,29.344,29.344,29.261,29.272,29.261,29.277,29.339,29.267,29.261,29.349,29.441,29.436,29.405,29.441,29.647,29.688,29.8,29.836,29.969,30.133,30.168,30.306,30.327,30.444,30.464,30.362,30.352,30.245,30.22,30.031,30.061,29.882,29.708,29.693,29.467,29.416,29.405,29.395,29.22,29.066,29.066,29.102,29.04,28.854,28.756,28.839,28.746,28.616,28.616,28.233,28.201,28.04,28.082,27.853,27.889,27.858,27.795,27.795,27.821,27.639,0.0
0.0,0.0,29.411,29.411,29.452,29.421,29.308,29.261,29.282,29.261,29.241,29.272,29.359,29.287,29.4,29.421,29.436,29.488,29.636,29.565,29.806,29.79,30.02,30.036,30.209,30.189,30.214,30.378,30.403,30.398,30.372,30.367,30.311,30.153,30.026,30.061,30.051,29.841,29.58,29.621,29.457,29.39,29.395,29.2,29.04,29.009,29.102,29.014,28.854,28.854,28.808,28.627,28.549,28.409,28.233,28.087,28.04,28.014,28.056,27.931,27.842,27.806,27.665,27.586,27.388,0.0
0.0,0.0,29.292,29.426,29.354,29.385,29.251,29.251,29.282,29.272,29.195,29.334,29.303,29.313,29.318,29.421,29.467,29.601,29.611,29.79,29.918,29.903,29.969,30.02,30.056,30.271,30.245,30.327,30.418,30.413,30.378,30.342,30.393,30.255,30.026,29.969,30.051,29.724,29.724,29.544,29.493,29.426,29.395,29.231,29.04,29.086,29.086,28.983,28.999,28.772,28.606,28.616,28.476,28.274,28.331,27.993,28.035,27.868,27.9,27.821,27.847,27.727,27.66,27.618,27.565,0.0
0.0,0.0,29.297,29.297,29.447,29.369,29.241,29.308,29.303,29.308,29.308,29.308,29.354,29.339,29.426,29.431,29.621,29.534,29.672,29.749,29.816,29.857,29.969,30.02,30.056,30.265,30.265,30.372,30.378,30.439,30.378,30.286,30.393,30.087,30.087,29.882,29.903,29.77,29.667,29.575,29.529,29.267,29.267,29.128,29.189,29.071,28.988,28.906,28.839,28.689,28.689,28.585,28.476,28.399,28.227,28.045,27.967,27.957,27.837,27.873,27.79,27.717,27.707,27.518,27.576,0.0
0.0,0.0,29.143,29.323,29.267,29.267,29.282,29.282,29.215,29.292,29.313,29.277,29.354,29.431,29.426,29.436,29.636,29.652,29.672,29.79,29.816,29.872,29.872,30.107,30.158,30.321,30.286,30.301,30.367,30.301,30.301,30.291,30.235,30.204,30.066,30.02,29.893,29.841,29.841,29.677,29.359,29.375,29.169,29.225,29.236,28.968,28.968,28.859,28.875,28.616,28.461,28.445,28.445,28.248,28.248,28.03,28.061,27.957,27.884,27.873,27.743,27.743,27.487,27.691,27.372,0.0
0.0,0.0,29.143,29.092,29.303,29.241,29.205,29.179,29.215,29.308,29.318,29.411,29.354,29.426,29.483,29.585,29.662,29.672,29.657,29.852,29.882,30.02,30.056,30.158,30.265,30.276,30.276,30.342,30.311,30.286,30.306,30.225,30.102,30.077,30.077,30.056,29.898,29.744,29.636,29.539,29.447,29.21,29.21,29.246,28.942,28.968,28.947,28.859,28.694,28.616,28.601,28.518,28.373,28.373,28.175,28.03,27.941,28.03,27.816,27.847,27.649,27.722,27.534,27.435,27.356,0.0
0.0,0.0,0.0,29.205,29.189,29.184,29.236,29.22,29.143,29.2,29.2,29.339,29.369,29.513,29.677,29.647,29.524,29.739,29.872,29.872,29.816,30.163,30.046,30.153,30.199,30.311,30.327,30.276,30.342,30.255,30.255,30.265,30.245,30.276,30.026,30.056,29.77,29.744,29.662,29.672,29.467,29.359,29.246,29.246,28.978,29.045,28.921,28.921,28.772,28.642,28.554,28.528,28.362,28.295,28.222,28.056,27.936,27.952,27.717,27.707,27.508,27.513,27.409,27.356,27.403,0.0
0.0,0.0,0.0,29.081,29.241,29.251,29.256,29.251,29.215,29.256,29.241,29.431,29.416,29.472,29.513,29.698,29.739,29.826,29.775,29.852,29.841,29.923,30.092,30.153,30.276,30.311,30.271,30.271,30.327,30.235,30.347,30.265,30.026,30.036,30.0,29.903,29.872,29.785,29.621,29.483,29.436,29.282,29.251,29.107,28.942,28.942,28.839,28.756,28.72,28.57,28.606,28.414,28.404,28.259,28.149,28.025,27.931,27.941,27.733,27.628,27.487,27.518,27.262,27.419,27.199,0.0
0.0,0.0,0.0,29.169,29.21,29.349,29.241,29.261,29.292,29.323,29.277,29.431,29.38,29.472,29.585,29.585,29.719,29.841,29.816,29.852,29.969,29.918,30.168,30.168,30.163,30.321,30.337,30.296,30.337,30.255,30.23,30.194,30.112,30.0,30.026,29.944,29.765,29.652,29.657,29.503,29.328,29.344,29.071,29.035,28.937,28.834,28.906,28.673,28.72,28.668,28.502,28.523,28.357,28.17,28.191,28.097,27.894,27.8,27.733,27.555,27.487,27.44,27.44,27.23,27.12,0.0
0.0,0.0,0.0,28.585,29.236,29.359,29.272,29.261,29.261,29.282,29.421,29.421,29.498,29.642,29.626,29.642,29.816,29.811,29.939,29.939,30.066,30.082,30.271,30.179,30.184,30.26,30.357,30.357,30.342,30.255,30.112,30.102,30.087,29.995,30.036,30.026,29.734,29.477,29.493,29.488,29.272,29.323,29.148,29.107,29.019,28.896,28.906,28.813,28.72,28.601,28.601,28.445,28.393,28.264,28.191,28.014,27.853,27.644,27.644,27.429,27.44,27.382,27.346,27.173,27.152,0.0
0.0,0.0,0.0,28.916,29.313,29.395,29.39,29.39,29.354,29.308,29.426,29.375,29.601,29.667,29.744,29.744,29.821,29.852,29.949,30.0,30.117,30.179,30.128,30.128,30.265,30.301,30.286,30.352,30.286,30.24,30.066,30.066,29.995,30.02,30.036,29.806,29.734,29.57,29.57,29.339,29.38,29.246,29.148,29.086,29.066,28.88,28.88,28.704,28.756,28.575,28.502,28.342,28.419,28.175,28.175,27.832,27.957,27.66,27.592,27.461,27.382,27.257,27.257,27.02,26.984,0.0
0.0,0.0,0.0,0.0,29.323,29.38,29.431,29.539,29.477,29.493,29.58,29.58,29.719,29.703,29.78,29.698,29.949,29.908,30.138,30.138,30.097,30.138,30.168,30.194,30.265,30.276,30.286,30.276,30.276,30.128,30.26,30.179,30.036,30.077,29.923,30.02,29.713,29.595,29.508,29.277,29.308,29.272,29.272,29.128,29.014,28.792,28.896,28.699,28.72,28.492,28.492,28.388,28.305,28.129,28.056,27.79,27.712,27.492,27.492,27.309,27.204,27.188,27.078,27.036,26.899,0.0
0.0,0.0,0.0,0.0,29.411,29.554,29.595,29.595,29.606,29.56,29.575,29.585,29.719,29.857,29.78,29.811,29.795,30.031,30.02,30.107,30.138,30.153,30.153,30.332,30.26,30.286,30.286,30.265,30.22,30.24,30.199,30.184,30.117,29.903,30.02,29.872,29.785,29.508,29.323,29.508,29.246,29.169,29.215,29.081,29.025,28.834,28.834,28.74,28.709,28.533,28.497,28.097,28.186,27.905,27.905,27.926,27.733,27.607,27.477,27.309,27.178,27.188,27.052,27.036,26.999,0.0
0.0,0.0,0.0,0.0,28.999,29.611,29.57,29.606,29.483,29.544,29.647,29.595,29.636,29.836,29.852,29.918,29.908,30.092,30.138,30.128,30.087,30.214,30.245,30.133,30.179,30.327,30.204,30.306,30.271,30.286,30.189,30.194,30.061,29.867,29.887,29.852,29.672,29.652,29.513,29.334,29.334,29.22,29.143,29.143,28.952,28.937,28.782,28.74,28.565,28.533,28.559,28.342,28.108,28.16,27.905,27.8,27.586,27.565,27.283,27.225,27.057,27.188,27.005,26.842,26.715,0.0
0.0,0.0,0.0,0.0,29.334,29.59,29.626,29.693,29.693,29.611,29.667,29.734,29.903,29.831,29.918,29.964,29.99,30.036,30.051,30.092,30.087,30.117,30.286,30.194,30.163,30.204,30.271,30.296,30.296,30.168,30.209,30.209,30.168,30.066,30.061,29.852,29.734,29.652,29.524,29.524,29.251,29.231,29.143,29.014,28.921,28.89,28.658,28.658,28.497,28.497,28.362,28.253,28.139,27.842,27.847,27.842,27.586,27.487,27.257,27.23,26.989,27.12,27.02,27.015,0.0,0.0
0.0,0.0,0.0,0.0,28.792,29.57,29.534,29.667,29.836,29.652,29.759,29.785,29.785,29.913,29.903,30.082,30.082,30.087,30.102,30.102,30.148,30.163,30.311,30.194,30.179,30.204,30.271,30.271,30.286,30.337,30.225,30.158,30.066,30.056,29.98,29.98,29.831,29.672,29.518,29.308,29.267,29.313,29.138,29.138,29.019,28.978,28.704,28.658,28.533,28.471,28.326,28.326,28.113,27.936,27.701,27.581,27.445,27.23,27.188,27.194,27.11,27.057,27.052,27.083,0.0,0.0
0.0,0.0,0.0,0.0,0.0,29.647,29.672,29.667,29.795,29.806,29.821,29.8,29.857,29.913,29.995,30.082,30.061,30.102,30.184,30.153,30.123,30.123,30.179,30.179,30.046,30.225,30.245,30.214,30.22,30.214,30.174,30.174,30.087,30.046,30.046,29.969,29.857,29.744,29.513,29.513,29.441,29.128,29.164,28.999,28.823,28.865,28.653,28.653,28.476,28.44,28.362,28.217,27.926,27.9,27.701,27.712,27.586,27.34,27.188,27.225,27.11,27.083,27.083,27.036,0.0,0.0
0.0,0.0,0.0,0.0,0.0,29.457,29.688,29.739,29.821,29.79,29.903,29.831,29.811,29.867,30.015,29.857,30.046,30.087,30.174,30.128,30.138,30.204,30.133,30.174,30.235,30.23,30.225,30.225,30.168,30.22,30.148,30.184,30.168,30.092,30.071,30.071,29.831,29.785,29.549,29.518,29.225,29.061,29.164,28.978,28.906,28.865,28.658,28.621,28.476,28.425,28.362,28.118,28.129,27.952,27.873,27.612,27.571,27.157,27.241,27.131,27.173,27.062,27.026,26.973,0.0,0.0
0.0,0.0,0.0,0.0,0.0,29.595,29.785,29.826,29.811,29.811,29.964,29.836,29.939,30.0,29.857,29.98,29.949,30.112,30.148,30.117,30.123,30.071,30.133,30.133,30.174,30.179,30.23,30.281,30.291,30.194,30.148,30.281,30.291,30.138,30.179,30.01,29.831,29.744,29.549,29.57,29.426,29.328,29.081,29.019,28.901,28.73,28.689,28.549,28.445,28.456,28.29,28.061,28.035,27.832,27.712,27.586,27.534,27.356,27.152,27.141,27.12,27.11,27.157,27.026,0.0,0.0
0.0,0.0,0.0,0.0,0.0,29.308,29.8,29.765,29.969,29.954,29.99,29.939,29.908,29.893,29.995,29.918,30.112,30.092,30.148,30.158,30.158,30.168,30.087,30.189,30.174,30.25,30.23,30.25,30.199,30.245,30.321,30.199,30.158,30.235,30.123,29.985,29.903,29.636,29.518,29.529,29.354,29.241,29.215,29.081,28.926,28.73,28.709,28.663,28.451,28.264,28.082,28.04,28.019,27.962,27.743,27.545,27.367,27.319,27.188,27.272,27.136,27.162,27.125,26.936,0.0,0.0
0.0,0.0,0.0,0.0,0.0,29.457,29.8,29.985,29.985,29.974,30.026,29.969,29.908,29.918,29.995,30.087,30.087,30.061,30.102,30.112,30.082,30.143,30.102,30.117,30.117,30.194,30.245,30.189,30.189,30.235,30.23,30.255,30.184,30.184,30.148,30.0,29.78,29.606,29.498,29.544,29.488,29.308,29.251,28.983,28.859,28.777,28.709,28.596,28.58,28.29,28.233,28.025,27.868,27.962,27.712,27.712,27.477,27.419,27.388,27.272,27.183,27.162,27.241,27.241,0.0,0.0
0.0,0.0,0.0,0.0,0.0,29.477,29.703,29.928,29.99,29.985,29.954,30.097,30.097,30.051,30.061,30.066,30.005,30.153,30.092,30.153,30.153,30.015,29.939,30.168,30.005,30.245,30.22,30.25,30.25,30.245,30.214,30.174,30.265,30.123,30.097,30.036,29.934,29.765,29.647,29.601,29.303,29.308,29.138,29.138,28.926,28.766,28.694,28.596,28.435,28.29,28.108,28.108,27.957,27.884,27.644,27.612,27.367,27.377,27.246,27.246,27.188,27.209,27.319,26.978,0.0,0.0
0.0,0.0,0.0,0.0,0.0,29.713,29.949,29.99,29.99,30.0,30.02,30.107,30.107,30.087,30.026,30.046,30.046,30.148,30.153,30.194,30.015,30.168,30.031,30.168,30.168,30.158,30.214,30.321,30.362,30.245,30.225,30.174,30.225,30.138,30.117,30.036,29.928,29.765,29.642,29.642,29.462,29.292,29.102,29.066,28.978,28.663,28.632,28.632,28.373,28.352,28.123,28.129,27.863,27.785,27.571,27.571,27.503,27.435,27.304,27.304,27.278,27.246,27.146,27.146,0.0,0.0
0.0,0.0,0.0,0.0,0.0,29.606,29.785,29.969,30.061,30.097,30.174,30.092,30.092,30.077,30.107,30.117,30.117,30.148,30.056,30.194,30.174,30.123,30.128,30.128,30.184,30.158,30.316,30.321,30.454,30.291,29.985,30.342,30.23,30.23,30.112,29.923,29.949,29.974,29.734,29.529,29.447,29.313,29.112,29.112,28.844,28.709,28.502,28.461,28.44,28.295,28.123,28.123,27.832,27.748,27.592,27.482,27.471,27.335,27.278,27.278,27.314,27.351,27.288,0.0,0.0,0.0
0.0,0.0,0.0,0.0,0.0,29.606,29.903,29.969,30.015,30.117,30.255,30.071,30.077,30.077,30.082,30.117,30.189,30.143,30.189,30.199,30.214,30.163,30.281,30.209,30.24,30.163,30.332,30.316,30.225,30.082,30.22,30.255,30.311,30.204,30.235,30.066,29.877,29.821,29.719,29.472,29.4,29.277,29.148,29.05,28.859,28.621,28.539,28.539,28.466,28.326,28.201,28.144,27.832,27.769,27.592,27.701,27.492,27.304,27.309,27.351,27.314,27.272,27.288,0.0,0.0,0.0
0.0,0.0,0.0,0.0,0.0,29.066,29.862,30.041,29.959,30.128,30.117,30.133,30.051,30.102,30.092,30.107,30.138,30.194,30.153,30.23,30.138,30.194,30.24,30.143,30.276,30.342,30.306,30.235,30.291,30.271,30.362,30.276,30.286,30.189,30.123,30.0,29.959,29.964,29.616,29.59,29.4,29.385,29.148,28.968,28.968,28.803,28.559,28.451,28.466,28.238,28.201,28.056,27.91,27.795,27.555,27.477,27.445,27.409,27.351,27.267,27.314,27.398,27.33,0.0,0.0,0.0
0.0,0.0,0.0,0.0,0.0,29.534,30.0,30.061,30.097,30.097,30.066,30.061,30.148,30.082,30.209,30.143,30.174,30.22,30.225,30.189,30.245,30.286,30.362,30.367,30.362,30.367,30.474,30.327,30.291,30.388,30.362,30.276,30.276,30.316,30.204,30.077,29.959,29.785,29.616,29.611,29.611,29.411,29.225,28.896,28.797,28.549,28.518,28.357,28.357,28.201,28.191,27.998,27.79,27.597,27.534,27.377,27.497,27.361,27.272,27.346,27.372,27.503,27.183,0.0,0.0,0.0
0.0,0.0,0.0,0.0,0.0,29.138,29.974,29.939,30.071,30.112,30.117,30.082,30.209,30.209,30.163,30.179,30.174,30.276,30.225,30.301,30.301,30.403,30.408,30.449,30.362,30.505,30.474,30.439,30.439,30.459,30.332,30.301,30.311,30.281,30.092,30.128,30.128,30.026,29.877,29.744,29.498,29.246,29.22,28.818,28.818,28.715,28.565,28.279,28.3,28.186,28.056,27.858,27.858,27.55,27.497,27.398,27.487,27.398,27.34,27.33,27.518,27.471,27.388,0.0,0.0,0.0
0.0,0.0,0.0,0.0,0.0,29.729,29.974,30.107,30.071,30.189,30.158,30.24,30.143,30.25,30.163,30.25,30.25,30.225,30.245,30.332,30.367,30.403,30.357,30.51,30.51,30.444,30.459,30.479,30.464,30.347,30.362,30.342,30.342,30.301,30.271,30.097,30.041,29.816,29.647,29.631,29.631,29.385,29.225,28.942,28.772,28.533,28.336,28.144,28.144,28.16,27.926,27.936,27.665,27.55,27.419,27.398,27.398,27.293,27.445,27.33,27.435,27.471,27.251,0.0,0.0,0.0
0.0,0.0,0.0,0.0,0.0,29.416,29.857,30.092,30.143,30.148,30.148,30.123,30.199,30.296,30.245,30.225,30.25,30.434,30.378,30.423,30.423,30.413,30.49,30.428,30.515,30.49,30.52,30.434,30.434,30.418,30.342,30.347,30.327,30.245,30.107,30.082,30.082,30.077,29.785,29.729,29.565,29.385,28.999,28.942,28.828,28.668,28.476,28.331,28.196,28.16,27.853,27.832,27.644,27.576,27.424,27.393,27.372,27.34,27.372,27.508,27.534,27.508,27.482,0.0,0.0,0.0
0.0,0.0,0.0,0.0,0.0,29.806,29.995,30.112,30.138,30.168,30.204,30.235,30.265,30.286,30.245,30.255,30.459,30.342,30.5,30.454,30.413,30.449,30.49,30.51,30.51,30.423,30.49,30.418,30.459,30.418,30.337,30.347,30.327,30.265,30.301,30.107,30.056,30.077,29.729,29.549,29.534,29.498,29.025,28.937,28.673,28.549,28.414,28.222,28.17,28.082,27.91,27.727,27.471,27.497,27.309,27.398,27.367,27.309,27.44,27.346,27.539,27.712,0.0,0.0,0.0,0.0
0.0,0.0,0.0,0.0,0.0,29.754,30.0,30.271,30.245,30.22,30.327,30.332,30.296,30.296,30.378,30.26,30.316,30.342,30.423,30.454,30.464,30.464,30.484,30.556,30.545,30.423,30.393,30.474,30.418,30.434,30.464,30.367,30.321,30.327,30.24,30.128,30.026,29.882,29.903,29.554,29.436,29.215,29.03,28.906,28.709,28.715,28.342,28.191,28.045,27.941,27.707,27.607,27.508,27.382,27.461,27.518,27.382,27.377,27.503,27.482,27.534,27.539,0.0,0.0,0.0,0.0
0.0,0.0,0.0,0.0,0.0,29.754,30.112,30.271,30.291,30.291,30.22,30.25,30.388,30.327,30.301,30.337,30.311,30.311,30.449,30.474,30.586,30.561,30.642,30.561,30.576,30.576,30.474,30.515,30.428,30.301,30.306,30.321,30.26,30.276,30.22,30.066,29.939,29.795,29.708,29.462,29.452,29.359,29.066,28.896,28.678,28.533,28.259,28.207,28.097,28.03,27.832,27.738,27.508,27.361,27.461,27.34,27.34,27.319,27.367,27.482,27.534,27.586,0.0,0.0,0.0,0.0
0.0,0.0,0.0,0.0,0.0,29.493,30.046,30.184,30.25,30.209,30.362,30.332,30.332,30.332,30.316,30.372,30.423,30.383,30.505,30.418,30.464,30.464,30.551,30.581,30.54,30.551,30.393,30.484,30.444,30.444,30.271,30.367,30.301,30.179,30.087,30.082,30.02,29.806,29.739,29.667,29.452,29.225,29.066,28.808,28.808,28.518,28.321,28.274,28.097,27.879,27.607,27.524,27.524,27.33,27.403,27.429,27.293,27.414,27.466,27.539,27.539,27.597,0.0,0.0,0.0,0.0
0.0,0.0,0.0,0.0,29.138,29.693,30.117,30.168,30.24,30.24,30.332,30.403,30.342,30.327,30.434,30.398,30.484,30.484,30.388,30.469,30.495,30.449,30.454,30.556,30.444,30.444,30.49,30.423,30.398,30.469,30.271,30.255,30.301,30.286,30.225,30.097,30.02,29.862,29.754,29.493,29.493,29.236,29.174,28.921,28.689,28.57,28.352,28.118,28.118,28.087,27.764,27.487,27.644,27.424,27.377,27.314,27.314,27.361,27.388,27.403,27.445,27.477,0.0,0.0,0.0,0.0
0.0,0.0,0.0,0.0,29.524,29.524,30.179,30.179,30.24,30.311,30.357,30.403,30.342,30.316,30.388,30.505,30.413,30.459,30.388,30.418,30.495,30.495,30.444,30.49,30.428,30.464,30.479,30.398,30.428,30.449,30.418,30.271,30.271,30.117,30.184,29.985,29.821,29.959,29.862,29.529,29.421,29.164,28.973,28.854,28.854,28.57,28.518,28.3,28.144,27.832,27.701,27.477,27.477,27.293,27.356,27.283,27.319,27.393,27.33,27.597,27.597,27.461,0.0,0.0,0.0,0.0
0.0,0.0,0.0,0.0,28.885,29.939,30.179,30.22,30.24,30.255,30.362,30.337,30.403,30.296,30.367,30.372,30.347,30.362,30.428,30.5,30.49,30.454,30.479,30.464,30.464,30.53,30.469,30.439,30.428,30.428,30.311,30.276,30.209,30.209,30.194,29.939,30.0,29.775,29.79,29.488,29.339,29.189,29.143,28.849,28.704,28.435,28.362,28.087,28.087,28.061,27.67,27.644,27.372,27.293,27.236,27.283,27.335,27.34,27.435,27.529,27.597,27.639,0.0,0.0,0.0,0.0
0.0,0.0,0.0,0.0,29.488,30.133,30.133,30.24,30.296,30.225,30.357,30.347,30.383,30.413,30.362,30.418,30.423,30.393,30.403,30.418,30.454,30.49,30.388,30.423,30.383,30.352,30.444,30.459,30.383,30.383,30.25,30.286,30.194,30.107,30.107,29.918,29.841,29.841,29.616,29.677,29.457,29.189,29.092,28.849,28.565,28.565,28.409,28.29,27.946,27.78,27.665,27.497,27.429,27.45,27.398,27.225,27.361,27.398,27.639,27.66,27.586,27.571,0.0,0.0,0.0,0.0
0.0,0.0,0.0,0.0,29.297,29.857,30.194,30.235,30.271,30.265,30.372,30.296,30.337,30.296,30.413,30.321,30.418,30.418,30.423,30.449,30.439,30.469,30.423,30.423,30.449,30.449,30.362,30.525,30.398,30.383,30.291,30.286,30.071,30.071,30.031,30.005,29.811,29.775,29.606,29.621,29.292,29.292,29.03,28.834,28.678,28.616,28.196,28.233,27.863,27.863,27.649,27.44,27.393,27.304,27.33,27.236,27.377,27.445,27.639,27.597,27.649,27.508,0.0,0.0,0.0,0.0
0.0,0.0,0.0,0.0,29.472,30.041,30.041,30.245,30.276,30.271,30.296,30.296,30.291,30.291,30.388,30.347,30.454,30.418,30.393,30.449,30.464,30.464,30.454,30.434,30.393,30.428,30.367,30.49,30.347,30.347,30.291,30.311,30.22,30.168,29.887,29.903,29.754,29.754,29.606,29.647,29.375,29.231,29.045,28.865,28.523,28.523,28.388,28.17,27.858,27.738,27.466,27.435,27.335,27.335,27.372,27.298,27.419,27.44,27.665,27.644,27.644,27.717,0.0,0.0,0.0,0.0
0.0,0.0,0.0,0.0,29.431,29.857,30.092,30.245,30.342,30.271,30.25,30.342,30.327,30.291,30.276,30.296,30.296,30.296,30.281,30.342,30.383,30.398,30.408,30.321,30.383,30.383,30.383,30.413,30.332,30.276,30.23,30.265,30.066,30.066,30.026,29.821,29.8,29.683,29.616,29.477,29.148,29.148,29.045,28.973,28.678,28.497,28.238,28.056,27.858,27.764,27.576,27.445,27.419,27.361,27.372,27.398,27.419,27.518,27.524,27.748,27.806,0.0,0.0,0.0,0.0,0.0
0.0,0.0,0.0,0.0,29.405,29.98,30.087,30.327,30.291,30.255,30.158,30.321,30.26,30.296,30.306,30.194,30.296,30.408,30.276,30.271,30.347,30.347,30.403,30.357,30.347,30.306,30.388,30.296,30.286,30.286,30.056,30.138,30.015,29.959,29.98,29.836,29.8,29.713,29.688,29.549,29.452,29.256,29.045,28.834,28.678,28.508,28.347,28.123,27.92,27.717,27.639,27.471,27.298,27.529,27.409,27.372,27.398,27.633,27.576,27.79,27.821,0.0,0.0,0.0,0.0,0.0
0.0,0.0,0.0,0.0,29.323,29.575,30.015,30.123,30.225,30.189,30.041,30.225,30.168,30.306,30.24,30.25,30.357,30.271,30.311,30.245,30.337,30.306,30.403,30.423,30.347,30.362,30.271,30.158,30.255,30.225,30.056,30.112,30.015,30.01,29.872,29.795,29.821,29.734,29.59,29.431,29.303,29.297,29.117,28.957,28.709,28.471,28.196,28.004,27.816,27.665,27.597,27.513,27.409,27.361,27.424,27.409,27.466,27.654,27.644,27.978,27.9,0.0,0.0,0.0,0.0,0.0
0.0,0.0,0.0,0.0,29.292,29.811,29.8,29.974,30.123,30.179,30.041,30.143,30.168,30.225,30.225,30.143,30.204,30.245,30.311,30.255,30.337,30.418,30.418,30.337,30.311,30.255,30.296,30.245,30.163,30.174,30.184,30.102,30.026,29.872,29.847,29.806,29.693,29.498,29.657,29.431,29.483,29.225,28.932,28.653,28.518,28.476,28.269,27.853,27.842,27.618,27.492,27.435,27.414,27.393,27.398,27.461,27.492,27.66,27.816,27.978,27.941,0.0,0.0,0.0,0.0,0.0
0.0,0.0,0.0,0.0,0.0,29.662,29.8,30.051,30.123,30.209,30.209,30.087,29.969,30.209,30.148,30.097,30.174,30.209,30.209,30.184,30.271,30.204,30.337,30.372,30.194,30.265,30.265,30.163,30.168,30.107,30.087,29.985,29.944,29.903,29.759,29.693,29.739,29.611,29.462,29.359,29.21,29.251,29.086,28.803,28.565,28.243,28.082,27.853,27.821,27.821,27.466,27.612,27.33,27.393,27.508,27.461,27.597,27.597,27.879,27.931,27.858,0.0,0.0,0.0,0.0,0.0
0.0,0.0,0.0,0.0,0.0,29.693,29.693,29.852,30.026,29.99,29.995,30.031,30.128,29.954,29.954,30.015,29.99,30.184,30.189,30.189,30.22,30.204,30.204,30.153,30.168,30.061,30.296,30.153,30.026,30.026,30.026,30.0,30.015,29.903,29.759,29.693,29.734,29.734,29.467,29.411,29.225,29.251,29.019,28.803,28.508,28.508,28.092,28.077,27.78,27.67,27.508,27.424,27.398,27.398,27.409,27.576,27.68,27.795,27.972,27.853,27.545,0.0,0.0,0.0,0.0,0.0
0.0,0.0,0.0,0.0,0.0,29.467,29.795,29.821,29.841,29.857,29.857,29.806,29.944,29.852,29.944,30.0,30.102,30.092,30.092,30.051,30.138,30.189,30.01,30.153,30.148,30.061,30.128,30.148,30.026,30.087,30.005,30.0,29.908,29.857,29.765,29.806,29.719,29.657,29.493,29.411,29.195,29.195,28.973,28.637,28.528,28.17,27.962,27.873,27.8,27.8,27.555,27.565,27.45,27.492,27.576,27.56,27.79,27.79,27.9,27.936,27.879,0.0,0.0,0.0,0.0,0.0
0.0,0.0,0.0,0.0,0.0,29.647,29.647,29.724,29.862,29.852,29.841,29.806,29.923,29.852,29.898,29.918,29.99,29.934,29.939,30.051,30.01,30.015,30.153,30.158,30.046,30.092,30.031,29.954,30.01,29.959,29.928,29.928,29.847,29.959,29.729,29.775,29.56,29.462,29.483,29.282,29.133,28.994,28.937,28.653,28.3,28.3,28.134,27.952,27.967,27.618,27.675,27.429,27.565,27.565,27.571,27.607,27.769,27.967,27.9,27.983,0.0,0.0,0.0,0.0,0.0,0.0
0.0,0.0,0.0,0.0,0.0,29.282,29.652,29.724,29.698,29.847,29.713,29.677,29.77,29.765,29.754,29.898,29.867,29.959,29.811,29.934,29.974,29.964,30.031,30.174,29.98,30.066,29.995,29.995,29.882,29.949,29.903,29.923,29.887,29.795,29.77,29.626,29.452,29.601,29.4,29.2,28.963,28.988,28.839,28.673,28.528,28.284,28.134,27.915,27.967,27.832,27.565,27.545,27.492,27.539,27.571,27.722,27.769,27.946,27.847,27.983,0.0,0.0,0.0,0.0,0.0,0.0
0.0,0.0,0.0,0.0,0.0,29.513,29.59,29.647,29.657,29.657,29.683,29.785,29.754,29.811,29.652,29.775,29.816,29.816,29.821,29.816,29.898,29.893,29.959,29.99,29.893,29.964,29.974,30.01,29.908,29.928,29.913,29.903,29.775,29.918,29.77,29.719,29.452,29.503,29.503,29.231,29.241,28.978,28.839,28.533,28.378,28.238,28.238,27.92,27.92,27.811,27.733,27.555,27.571,27.623,27.565,27.717,27.78,27.941,28.103,28.009,0.0,0.0,0.0,0.0,0.0,0.0
0.0,0.0,0.0,0.0,0.0,29.4,29.539,29.595,29.56,29.626,29.421,29.601,29.498,29.636,29.539,29.765,29.713,29.775,29.708,29.688,29.898,29.862,29.959,29.969,29.893,30.0,30.0,30.061,29.959,29.898,29.913,29.831,29.734,29.795,29.795,29.518,29.595,29.421,29.344,29.133,29.004,28.756,28.756,28.616,28.305,28.31,28.139,27.92,27.842,27.712,27.712,27.612,27.518,27.67,27.722,27.873,27.847,27.91,28.134,28.191,0.0,0.0,0.0,0.0,0.0,0.0
0.0,0.0,0.0,0.0,0.0,29.441,29.462,29.462,29.529,29.405,29.421,29.447,29.498,29.58,29.58,29.58,29.534,29.677,29.708,29.724,29.836,29.872,29.872,29.893,29.974,29.985,29.964,29.862,29.887,29.872,29.872,29.719,29.708,29.749,29.734,29.688,29.477,29.436,29.436,29.159,29.009,28.761,28.673,28.57,28.295,28.155,28.155,28.056,27.926,27.67,27.649,27.759,27.628,27.743,27.743,27.863,27.9,27.91,28.144,28.191,0.0,0.0,0.0,0.0,0.0,0.0
0.0,0.0,0.0,0.0,0.0,29.421,29.472,29.421,29.513,29.344,29.498,29.267,29.334,29.313,29.534,29.498,29.58,29.636,29.636,29.683,29.616,29.703,29.898,29.677,29.939,29.852,29.852,29.872,29.8,29.847,29.78,29.785,29.698,29.652,29.652,29.58,29.462,29.426,29.277,28.983,28.885,28.782,28.782,28.627,28.419,28.207,28.009,28.056,27.816,27.67,27.769,27.717,27.68,27.722,27.832,27.863,28.077,28.175,28.222,28.108,0.0,0.0,0.0,0.0,0.0,0.0
0.0,0.0,0.0,0.0,0.0,0.0,29.441,29.395,29.359,29.267,29.225,29.148,29.261,29.282,29.462,29.328,29.364,29.369,29.58,29.585,29.488,29.698,29.698,29.77,29.775,29.811,29.78,29.724,29.785,29.749,29.749,29.739,29.631,29.662,29.534,29.58,29.447,29.426,29.267,29.143,29.097,28.89,28.715,28.632,28.29,28.264,28.123,28.025,27.889,27.675,27.66,27.78,27.696,27.743,27.712,27.847,27.967,28.123,28.191,0.0,0.0,0.0,0.0,0.0,0.0,0.0
0.0,0.0,0.0,0.0,0.0,0.0,29.303,29.241,29.133,29.107,29.205,29.092,29.195,29.282,29.195,29.215,29.282,29.411,29.411,29.411,29.4,29.447,29.467,29.77,29.688,29.811,29.713,29.698,29.626,29.811,29.677,29.693,29.713,29.595,29.462,29.513,29.477,29.344,29.303,29.066,28.849,28.756,28.621,28.606,28.347,28.212,27.972,28.004,27.936,27.67,27.816,27.654,27.654,27.774,27.868,27.858,28.175,28.253,28.207,0.0,0.0,0.0,0.0,0.0,0.0,0.0
0.0,0.0,0.0,0.0,0.0,0.0,29.143,29.143,29.164,29.066,29.092,29.092,29.159,29.282,29.261,29.261,29.236,29.349,29.364,29.411,29.452,29.544,29.498,29.498,29.549,29.595,29.616,29.626,29.585,29.59,29.539,29.626,29.483,29.493,29.554,29.462,29.334,29.318,29.112,29.122,28.942,28.865,28.673,28.461,28.155,28.118,27.983,28.035,27.78,27.743,27.748,27.759,27.759,27.722,27.722,28.087,28.051,28.186,28.207,0.0,0.0,0.0,0.0,0.0,0.0,0.0
0.0,0.0,0.0,0.0,0.0,0.0,29.061,29.112,28.921,29.097,28.968,28.968,28.988,28.963,29.133,29.251,29.081,29.328,29.184,29.184,29.339,29.452,29.385,29.488,29.452,29.534,29.647,29.647,29.498,29.56,29.518,29.488,29.467,29.462,29.328,29.359,29.318,29.328,29.122,29.055,28.968,28.756,28.756,28.482,28.399,28.186,27.983,27.806,27.78,27.8,27.8,27.832,27.816,27.863,27.894,28.03,28.191,28.31,28.31,0.0,0.0,0.0,0.0,0.0,0.0,0.0
0.0,0.0,0.0,0.0,0.0,0.0,0.0,28.942,28.87,28.875,28.709,28.901,28.854,28.839,28.973,28.973,28.937,29.04,29.138,29.179,29.159,29.369,29.261,29.261,29.385,29.493,29.38,29.405,29.457,29.565,29.518,29.436,29.498,29.339,29.328,29.328,29.318,29.128,29.128,28.988,28.901,28.766,28.596,28.357,28.269,28.103,28.103,27.879,27.816,27.743,27.79,27.769,27.806,27.847,27.847,28.087,28.181,28.233,0.0,0.0,0.0,0.0,0.0,0.0,0.0,0.0
0.0,0.0,0.0,0.0,0.0,0.0,0.0,28.849,28.74,28.766,28.694,28.694,28.844,28.844,28.756,28.968,29.004,29.025,29.138,29.092,29.21,29.164,29.261,29.215,29.385,29.359,29.38,29.303,29.38,29.416,29.441,29.385,29.421,29.308,29.292,29.184,29.174,29.04,29.045,28.916,28.844,28.673,28.673,28.435,28.425,28.035,28.061,27.806,27.759,27.842,27.842,27.816,27.759,27.889,27.972,28.113,28.191,28.253,0.0,0.0,0.0,0.0,0.0,0.0,0.0,0.0
0.0,0.0,0.0,0.0,0.0,0.0,0.0,28.844,28.87,28.616,28.684,28.606,28.844,28.74,28.756,28.803,28.865,28.973,28.963,29.066,29.21,28.978,29.215,29.174,29.179,29.308,29.313,29.277,29.416,29.498,29.457,29.405,29.308,29.354,29.344,29.164,29.133,28.994,28.849,28.911,28.89,28.492,28.513,28.284,28.196,27.92,27.92,27.873,27.8,27.832,27.738,27.827,27.759,27.889,27.832,27.946,28.134,28.29,0.0,0.0,0.0,0.0,0.0,0.0,0.0,0.0
0.0,0.0,0.0,0.0,0.0,0.0,0.0,28.709,28.596,28.668,28.647,28.528,28.663,28.663,28.782,28.813,28.818,28.772,29.004,28.901,29.081,29.025,29.061,29.055,29.025,29.159,29.272,29.21,29.344,29.354,29.246,29.334,29.313,29.261,29.241,29.081,29.122,28.973,28.963,28.875,28.72,28.492,28.373,28.373,28.326,28.082,27.967,27.873,27.769,27.832,27.759,27.764,27.889,27.91,28.009,28.139,28.264,0.0,0.0,0.0,0.0,0.0,0.0,0.0,0.0,0.0
0.0,0.0,0.0,0.0,0.0,0.0,0.0,28.694,28.668,28.482,28.554,28.575,28.668,28.627,28.57,28.554,28.621,28.694,28.653,28.735,28.901,28.875,28.818,28.828,28.994,29.019,29.184,29.092,29.195,29.354,29.323,29.323,29.339,29.272,29.21,29.081,29.045,28.973,28.885,28.885,28.73,28.59,28.373,28.248,28.097,28.035,27.915,27.915,27.738,27.905,27.821,27.842,27.816,27.92,28.118,28.207,28.217,0.0,0.0,0.0,0.0,0.0,0.0,0.0,0.0,0.0
0.0,0.0,0.0,0.0,0.0,0.0,0.0,0.0,28.461,28.404,28.518,28.502,28.451,28.502,28.513,28.44,28.611,28.694,28.746,28.746,28.699,28.834,28.72,28.828,28.818,29.019,29.092,29.092,29.066,29.195,29.246,29.256,29.246,29.148,29.128,29.128,29.092,28.999,28.89,28.72,28.694,28.601,28.451,28.451,28.149,27.998,27.847,27.858,27.738,27.853,27.753,27.753,27.821,27.91,28.207,28.29,28.186,0.0,0.0,0.0,0.0,0.0,0.0,0.0,0.0,0.0
0.0,0.0,0.0,0.0,0.0,0.0,0.0,0.0,28.451,28.404,28.362,28.502,28.451,28.502,28.368,28.368,28.373,28.43,28.57,28.621,28.709,28.585,28.777,28.777,28.756,28.813,28.865,28.906,29.03,29.117,29.246,29.246,29.303,29.102,29.055,29.025,29.055,28.921,28.689,28.689,28.549,28.59,28.352,28.326,28.019,27.832,27.842,27.842,27.743,27.748,27.68,27.915,27.821,28.087,28.087,28.207,28.274,0.0,0.0,0.0,0.0,0.0,0.0,0.0,0.0,0.0
0.0,0.0,0.0,0.0,0.0,0.0,0.0,0.0,28.44,28.482,28.316,28.373,28.3,28.352,28.222,28.31,28.284,28.352,28.305,28.305,28.471,28.559,28.487,28.72,28.803,28.709,28.797,28.797,28.787,29.014,29.122,29.035,28.983,29.169,29.092,29.092,28.926,28.937,28.766,28.637,28.549,28.549,28.352,28.212,28.217,28.014,27.91,27.743,27.743,27.837,27.68,27.842,27.847,28.103,28.092,28.149,0.0,0.0,0.0,0.0,0.0,0.0,0.0,0.0,0.0,0.0
0.0,0.0,0.0,0.0,0.0,0.0,0.0,0.0,0.0,28.274,28.222,28.269,28.17,28.165,28.3,28.3,28.186,28.191,28.181,28.316,28.373,28.497,28.44,28.44,28.482,28.772,28.627,28.792,28.787,28.854,29.122,28.952,29.009,29.076,28.957,28.875,28.926,28.813,28.766,28.735,28.642,28.523,28.368,28.186,28.035,27.978,27.842,27.868,27.743,27.738,27.722,27.905,27.962,28.045,28.165,28.144,0.0,0.0,0.0,0.0,0.0,0.0,0.0,0.0,0.0,0.0
0.0,0.0,0.0,0.0,0.0,0.0,0.0,0.0,0.0,28.212,28.269,28.222,28.045,28.103,28.077,28.108,28.186,28.129,28.181,28.342,28.342,28.269,28.279,28.471,28.482,28.565,28.627,28.689,28.694,28.89,28.988,28.983,29.014,28.942,28.823,28.844,28.973,28.756,28.74,28.59,28.59,28.399,28.305,28.29,28.04,28.045,27.936,27.842,27.889,27.821,27.764,27.847,27.988,28.03,28.123,28.212,0.0,0.0,0.0,0.0,0.0,0.0,0.0,0.0,0.0,0.0
0.0,0.0,0.0,0.0,0.0,0.0,0.0,0.0,0.0,28.425,28.29,28.186,28.045,27.978,28.077,28.035,28.035,28.113,28.004,28.092,28.274,28.336,28.383,28.43,28.43,28.419,28.544,28.658,28.689,28.844,28.865,28.875,28.906,28.859,28.932,28.859,28.766,28.699,28.761,28.72,28.523,28.248,28.305,28.04,28.129,28.071,27.853,27.78,27.821,27.853,27.743,27.847,27.998,28.03,28.16,28.16,0.0,0.0,0.0,0.0,0.0,0.0,0.0,0.0,0.0,0.0
0.0,0.0,0.0,0.0,0.0,0.0,0.0,0.0,0.0,0.0,28.253,28.092,28.092,27.832,27.873,27.858,28.071,27.962,28.092,28.103,28.103,28.165,28.259,28.269,28.419,28.508,28.575,28.678,28.678,28.704,28.797,28.932,28.937,28.947,28.782,28.73,28.787,28.694,28.549,28.72,28.368,28.248,28.082,28.082,28.061,28.04,27.884,27.78,27.733,27.853,27.816,27.816,28.061,28.144,28.186,0.0,0.0,0.0,0.0,0.0,0.0,0.0,0.0,0.0,0.0,0.0
0.0,0.0,0.0,0.0,0.0,0.0,0.0,0.0,0.0,0.0,28.284,27.863,27.905,27.759,27.858,27.827,27.827,27.91,27.967,28.087,28.17,28.238,28.264,28.259,28.259,28.497,28.523,28.518,28.709,28.704,28.766,28.932,28.709,28.751,28.792,28.73,28.715,28.694,28.57,28.57,28.352,28.181,28.175,28.144,28.014,28.035,27.92,27.92,27.889,27.868,27.847,27.941,28.035,28.103,28.212,0.0,0.0,0.0,0.0,0.0,0.0,0.0,0.0,0.0,0.0,0.0
0.0,0.0,0.0,0.0,0.0,0.0,0.0,0.0,0.0,0.0,28.222,27.738,27.738,27.753,27.769,27.889,27.868,27.91,27.983,28.087,28.191,28.207,28.207,28.342,28.331,28.497,28.44,28.58,28.621,28.678,28.678,28.823,28.684,28.782,28.699,28.772,28.554,28.746,28.456,28.316,28.201,28.233,28.191,28.191,28.004,28.04,27.962,27.879,27.837,27.858,28.004,28.004,28.035,28.201,28.155,0.0,0.0,0.0,0.0,0.0,0.0,0.0,0.0,0.0,0.0,0.0
0.0,0.0,0.0,0.0,0.0,0.0,0.0,0.0,0.0,0.0,28.279,27.894,27.727,27.753,27.602,27.769,27.743,27.68,27.915,28.019,28.071,28.123,28.087,28.284,28.264,28.352,28.497,28.383,28.596,28.72,28.621,28.678,28.704,28.704,28.559,28.647,28.513,28.709,28.451,28.378,28.352,28.248,28.077,28.03,27.9,28.045,27.941,27.941,27.748,27.863,27.889,27.962,28.035,28.077,0.0,0.0,0.0,0.0,0.0,0.0,0.0,0.0,0.0,0.0,0.0,0.0
0.0,0.0,0.0,0.0,0.0,0.0,0.0,0.0,0.0,0.0,28.082,27.759,27.68,27.67,27.654,27.618,27.727,27.91,27.905,28.103,28.071,28.165,28.207,28.352,28.29,28.373,28.425,28.466,28.59,28.601,28.539,28.575,28.766,28.565,28.57,28.565,28.565,28.533,28.528,28.378,28.352,28.092,28.077,28.056,28.056,27.941,27.983,27.868,27.748,27.978,27.915,27.873,27.972,28.035,0.0,0.0,0.0,0.0,0.0,0.0,0.0,0.0,0.0,0.0,0.0,0.0
0.0,0.0,0.0,0.0,0.0,0.0,0.0,0.0,0.0,0.0,28.373,27.972,27.665,27.56,27.675,27.68,27.759,27.873,27.936,28.082,28.201,28.155,28.238,28.284,28.357,28.279,28.284,28.388,28.59,28.476,28.539,28.601,28.601,28.466,28.565,28.554,28.565,28.44,28.388,28.373,28.373,28.113,27.931,28.019,27.926,27.884,27.936,27.858,27.879,27.8,27.993,28.077,28.181,28.066,0.0,0.0,0.0,0.0,0.0,0.0,0.0,0.0,0.0,0.0,0.0,0.0
0.0,0.0,0.0,0.0,0.0,0.0,0.0,0.0,0.0,0.0,0.0,27.858,27.707,27.555,27.612,27.639,27.759,27.9,27.936,28.16,28.16,28.134,28.186,28.222,28.357,28.368,28.43,28.466,28.466,28.476,28.518,28.508,28.508,28.518,28.585,28.393,28.393,28.336,28.336,28.352,28.149,28.134,28.045,27.998,27.998,27.952,27.821,27.905,27.873,27.858,27.91,27.978,27.931,0.0,0.0,0.0,0.0,0.0,0.0,0.0,0.0,0.0,0.0,0.0,0.0,0.0
0.0,0.0,0.0,0.0,0.0,0.0,0.0,0.0,0.0,0.0,0.0,27.847,27.707,27.67,27.539,27.639,27.639,27.837,27.91,27.978,28.17,28.108,28.217,28.233,28.233,28.259,28.295,28.368,28.502,28.419,28.539,28.539,28.539,28.425,28.378,28.373,28.409,28.274,28.155,28.248,28.248,28.181,28.056,28.045,27.978,27.837,27.769,27.811,27.811,27.879,27.842,27.978,28.03,0.0,0.0,0.0,0.0,0.0,0.0,0.0,0.0,0.0,0.0,0.0,0.0,0.0
0.0,0.0,0.0,0.0,0.0,0.0,0.0,0.0,0.0,0.0,0.0,27.78,27.67,27.623,27.602,27.618,27.727,27.894,28.009,28.123,28.123,28.066,28.217,28.248,28.238,28.31,28.326,28.357,28.357,28.476,28.497,28.461,28.482,28.342,28.404,28.316,28.316,28.222,28.165,28.092,28.129,28.181,28.025,28.045,27.952,27.853,27.837,27.821,27.827,27.785,27.847,28.014,27.926,0.0,0.0,0.0,0.0,0.0,0.0,0.0,0.0,0.0,0.0,0.0,0.0,0.0
0.0,0.0,0.0,0.0,0.0,0.0,0.0,0.0,0.0,0.0,0.0,27.686,27.686,27.612,27.581,27.691,27.884,27.837,27.941,27.936,27.988,28.056,28.217,28.155,28.155,28.331,28.352,28.347,28.43,28.476,28.487,28.461,28.419,28.456,28.336,28.331,28.326,28.393,28.227,28.118,28.144,28.077,28.009,28.025,27.993,27.962,27.811,27.806,27.858,27.879,27.905,27.873,0.0,0.0,0.0,0.0,0.0,0.0,0.0,0.0,0.0,0.0,0.0,0.0,0.0,0.0
0.0,0.0,0.0,0.0,0.0,0.0,0.0,0.0,0.0,0.0,0.0,27.571,27.534,27.534,27.55,27.56,27.644,27.837,27.978,27.936,28.004,28.004,28.175,28.155,28.222,28.233,28.29,28.373,28.399,28.393,28.357,28.373,28.31,28.347,28.326,28.321,28.191,28.217,28.196,28.092,28.061,27.967,27.931,27.863,27.795,27.785,27.727,27.79,27.769,27.832,27.894,27.931,0.0,0.0,0.0,0.0,0.0,0.0,0.0,0.0,0.0,0.0,0.0,0.0,0.0,0.0
0.0,0.0,0.0,0.0,0.0,0.0,0.0,0.0,0.0,0.0,0.0,27.764,27.545,27.592,27.539,27.555,27.633,27.633,27.686,27.983,27.957,27.941,27.967,28.144,28.238,28.238,28.123,28.227,28.31,28.347,28.259,28.342,28.269,28.191,28.227,28.274,28.165,28.196,28.113,28.123,28.056,28.035,27.837,27.9,27.853,27.733,27.738,27.696,27.696,27.738,27.811,27.92,0.0,0.0,0.0,0.0,0.0,0.0,0.0,0.0,0.0,0.0,0.0,0.0,0.0,0.0
0.0,0.0,0.0,0.0,0.0,0.0,0.0,0.0,0.0,0.0,0.0,27.644,27.44,27.44,27.388,27.633,27.628,27.644,27.769,27.816,27.988,27.988,28.087,28.025,28.144,28.227,28.144,28.201,28.264,28.264,28.191,28.243,28.217,28.238,28.175,28.264,28.264,28.051,28.212,27.978,28.056,27.853,27.837,27.811,27.811,27.769,27.8,27.691,27.665,27.842,27.936,0.0,0.0,0.0,0.0,0.0,0.0,0.0,0.0,0.0,0.0,0.0,0.0,0.0,0.0,0.0
0.0,0.0,0.0,0.0,0.0,0.0,0.0,0.0,0.0,0.0,0.0,0.0,27.361,27.267,27.456,27.45,27.429,27.429,27.466,27.686,27.879,27.931,27.936,28.025,28.144,28.222,28.103,28.108,28.233,28.108,28.191,28.134,28.217,28.082,28.155,28.082,27.993,27.931,28.045,27.962,27.962,27.712,27.858,27.764,27.738,27.727,27.727,27.759,27.759,27.837,27.79,0.0,0.0,0.0,0.0,0.0,0.0,0.0,0.0,0.0,0.0,0.0,0.0,0.0,0.0,0.0
0.0,0.0,0.0,0.0,0.0,0.0,0.0,0.0,0.0,0.0,0.0,0.0,27.361,27.351,27.356,27.335,27.424,27.524,27.466,27.712,27.879,27.827,27.858,28.103,28.035,28.025,28.175,28.134,28.103,28.17,28.227,28.04,28.045,27.941,28.097,27.972,28.051,27.983,27.858,27.842,27.858,27.811,27.837,27.675,27.675,27.586,27.654,27.612,27.733,27.66,27.811,0.0,0.0,0.0,0.0,0.0,0.0,0.0,0.0,0.0,0.0,0.0,0.0,0.0,0.0,0.0
0.0,0.0,0.0,0.0,0.0,0.0,0.0,0.0,0.0,0.0,0.0,0.0,27.304,27.188,27.309,27.356,27.482,27.319,27.477,27.633,27.581,27.633,27.889,27.774,27.858,27.879,27.915,27.936,27.988,27.889,28.056,27.972,27.957,27.972,28.014,27.832,27.8,27.847,27.816,27.712,27.707,27.545,27.686,27.733,27.686,27.534,27.727,27.612,27.649,27.654,0.0,0.0,0.0,0.0,0.0,0.0,0.0,0.0,0.0,0.0,0.0,0.0,0.0,0.0,0.0,0.0
0.0,0.0,0.0,0.0,0.0,0.0,0.0,0.0,0.0,0.0,0.0,0.0,27.257,27.125,27.141,27.125,27.241,27.309,27.477,27.471,27.691,27.539,27.618,27.811,27.743,27.936,28.03,27.962,27.972,27.894,27.972,27.915,27.795,27.759,27.774,27.832,27.821,27.821,27.696,27.654,27.649,27.545,27.691,27.733,27.555,27.539,27.571,27.539,27.717,27.759,0.0,0.0,0.0,0.0,0.0,0.0,0.0,0.0,0.0,0.0,0.0,0.0,0.0,0.0,0.0,0.0
0.0,0.0,0.0,0.0,0.0,0.0,0.0,0.0,0.0,0.0,0.0,0.0,27.12,27.068,27.162,27.262,27.257,27.22,27.44,27.309,27.466,27.524,27.633,27.811,27.759,27.759,27.785,27.884,27.827,27.894,27.811,27.915,27.733,27.733,27.618,27.701,27.717,27.555,27.529,27.539,27.524,27.524,27.518,27.497,27.435,27.534,27.45,27.67,27.607,0.0,0.0,0.0,0.0,0.0,0.0,0.0,0.0,0.0,0.0,0.0,0.0,0.0,0.0,0.0,0.0,0.0
0.0,0.0,0.0,0.0,0.0,0.0,0.0,0.0,0.0,0.0,0.0,0.0,27.152,27.152,27.036,27.062,27.183,27.22,27.361,27.309,27.45,27.45,27.602,27.602,27.701,27.816,27.743,27.868,27.832,27.832,27.722,27.644,27.602,27.539,27.618,27.555,27.492,27.492,27.445,27.414,27.482,27.503,27.429,27.419,27.44,27.44,27.571,27.466,27.545,0.0,0.0,0.0,0.0,0.0,0.0,0.0,0.0,0.0,0.0,0.0,0.0,0.0,0.0,0.0,0.0,0.0
0.0,0.0,0.0,0.0,0.0,0.0,0.0,0.0,0.0,0.0,0.0,0.0,0.0,27.131,27.052,27.041,27.204,27.204,27.262,27.325,27.534,27.55,27.623,27.68,27.592,27.592,27.555,27.623,27.701,27.649,27.665,27.55,27.424,27.424,27.414,27.45,27.445,27.45,27.246,27.403,27.45,27.45,27.414,27.445,27.304,27.367,27.571,27.461,0.0,0.0,0.0,0.0,0.0,0.0,0.0,0.0,0.0,0.0,0.0,0.0,0.0,0.0,0.0,0.0,0.0,0.0
0.0,0.0,0.0,0.0,0.0,0.0,0.0,0.0,0.0,0.0,0.0,0.0,0.0,27.047,27.052,26.868,27.047,27.005,27.167,27.361,27.388,27.388,27.492,27.639,27.618,27.633,27.539,27.545,27.597,27.597,27.471,27.372,27.152,27.356,27.414,27.335,27.445,27.34,27.419,27.251,27.283,27.361,27.414,27.314,27.304,27.367,27.393,27.503,0.0,0.0,0.0,0.0,0.0,0.0,0.0,0.0,0.0,0.0,0.0,0.0,0.0,0.0,0.0,0.0,0.0,0.0
0.0,0.0,0.0,0.0,0.0,0.0,0.0,0.0,0.0,0.0,0.0,0.0,0.0,26.931,26.957,27.01,26.999,27.136,27.162,27.031,27.283,27.424,27.492,27.623,27.618,27.44,27.487,27.529,27.518,27.55,27.471,27.283,27.152,27.209,27.257,27.241,27.361,27.194,27.267,27.246,27.23,27.194,27.272,27.052,27.34,27.414,27.388,0.0,0.0,0.0,0.0,0.0,0.0,0.0,0.0,0.0,0.0,0.0,0.0,0.0,0.0,0.0,0.0,0.0,0.0,0.0
0.0,0.0,0.0,0.0,0.0,0.0,0.0,0.0,0.0,0.0,0.0,0.0,0.0,0.0,27.02,26.952,27.068,26.884,27.162,27.136,27.283,27.409,27.409,27.325,27.403,27.477,27.545,27.477,27.377,27.346,27.262,27.22,27.146,27.173,27.204,27.115,27.236,26.999,27.209,27.083,27.115,27.078,27.209,27.325,27.319,27.367,27.293,0.0,0.0,0.0,0.0,0.0,0.0,0.0,0.0,0.0,0.0,0.0,0.0,0.0,0.0,0.0,0.0,0.0,0.0,0.0
0.0,0.0,0.0,0.0,0.0,0.0,0.0,0.0,0.0,0.0,0.0,0.0,0.0,0.0,26.931,26.82,27.052,26.863,26.863,27.073,27.209,27.183,27.319,27.409,27.414,27.388,27.388,27.382,27.272,27.194,27.178,27.131,27.083,27.089,26.957,26.957,26.999,27.015,27.104,27.036,27.078,27.073,27.199,27.104,27.167,27.367,0.0,0.0,0.0,0.0,0.0,0.0,0.0,0.0,0.0,0.0,0.0,0.0,0.0,0.0,0.0,0.0,0.0,0.0,0.0,0.0
0.0,0.0,0.0,0.0,0.0,0.0,0.0,0.0,0.0,0.0,0.0,0.0,0.0,0.0,27.015,26.82,26.894,26.894,26.931,26.889,27.167,27.251,27.251,27.167,27.283,27.314,27.424,27.429,27.157,27.241,27.241,27.031,27.047,27.089,26.989,26.957,26.963,26.963,26.984,27.057,27.057,27.073,27.131,27.104,27.146,27.146,0.0,0.0,0.0,0.0,0.0,0.0,0.0,0.0,0.0,0.0,0.0,0.0,0.0,0.0,0.0,0.0,0.0,0.0,0.0,0.0
0.0,0.0,0.0,0.0,0.0,0.0,0.0,0.0,0.0,0.0,0.0,0.0,0.0,0.0,0.0,26.842,26.752,26.899,26.899,26.857,26.915,26.894,27.194,27.167,27.246,27.314,27.167,27.23,27.068,27.12,27.005,27.031,26.968,27.02,26.931,26.999,26.936,26.878,26.968,26.978,27.068,27.068,27.052,27.089,27.141,0.0,0.0,0.0,0.0,0.0,0.0,0.0,0.0,0.0,0.0,0.0,0.0,0.0,0.0,0.0,0.0,0.0,0.0,0.0,0.0,0.0
0.0,0.0,0.0,0.0,0.0,0.0,0.0,0.0,0.0,0.0,0.0,0.0,0.0,0.0,0.0,26.857,26.852,26.768,26.873,26.941,27.083,27.104,27.12,27.162,27.068,27.152,27.22,27.041,27.104,27.204,27.078,27.015,26.952,26.905,26.852,26.999,26.857,26.857,26.936,26.815,26.894,26.968,27.036,27.089,27.173,0.0,0.0,0.0,0.0,0.0,0.0,0.0,0.0,0.0,0.0,0.0,0.0,0.0,0.0,0.0,0.0,0.0,0.0,0.0,0.0,0.0
0.0,0.0,0.0,0.0,0.0,0.0,0.0,0.0,0.0,0.0,0.0,0.0,0.0,0.0,0.0,0.0,26.889,26.789,26.915,26.815,26.936,27.01,27.062,27.104,27.068,27.136,26.978,26.999,27.036,26.936,26.999,26.889,26.805,26.794,26.868,26.868,26.752,26.799,26.815,26.836,26.778,26.778,27.047,27.062,0.0,0.0,0.0,0.0,0.0,0.0,0.0,0.0,0.0,0.0,0.0,0.0,0.0,0.0,0.0,0.0,0.0,0.0,0.0,0.0,0.0,0.0
0.0,0.0,0.0,0.0,0.0,0.0,0.0,0.0,0.0,0.0,0.0,0.0,0.0,0.0,0.0,0.0,26.941,26.763,26.915,26.873,26.989,27.083,27.026,26.973,26.91,26.957,26.931,27.083,26.863,26.973,26.973,27.026,26.926,26.757,26.868,26.731,26.752,26.741,26.741,26.799,26.92,26.91,27.047,27.052,0.0,0.0,0.0,0.0,0.0,0.0,0.0,0.0,0.0,0.0,0.0,0.0,0.0,0.0,0.0,0.0,0.0,0.0,0.0,0.0,0.0,0.0
0.0,0.0,0.0,0.0,0.0,0.0,0.0,0.0,0.0,0.0,0.0,0.0,0.0,0.0,0.0,0.0,0.0,26.873,26.873,26.884,26.905,26.894,27.026,26.941,26.91,26.931,26.931,26.957,26.947,26.82,26.836,26.894,26.831,26.852,26.852,26.752,26.752,26.763,26.794,26.863,26.984,26.894,26.894,0.0,0.0,0.0,0.0,0.0,0.0,0.0,0.0,0.0,0.0,0.0,0.0,0.0,0.0,0.0,0.0,0.0,0.0,0.0,0.0,0.0,0.0,0.0
0.0,0.0,0.0,0.0,0.0,0.0,0.0,0.0,0.0,0.0,0.0,0.0,0.0,0.0,0.0,0.0,0.0,0.0,26.963,27.02,26.973,26.947,26.947,27.047,26.941,26.957,26.931,26.878,26.905,26.81,26.81,26.842,26.868,26.731,26.773,26.752,26.778,26.72,26.72,26.899,26.789,26.873,0.0,0.0,0.0,0.0,0.0,0.0,0.0,0.0,0.0,0.0,0.0,0.0,0.0,0.0,0.0,0.0,0.0,0.0,0.0,0.0,0.0,0.0,0.0,0.0
0.0,0.0,0.0,0.0,0.0,0.0,0.0,0.0,0.0,0.0,0.0,0.0,0.0,0.0,0.0,0.0,0.0,0.0,0.0,26.92,26.815,26.989,26.973,26.973,26.984,26.984,26.984,26.915,26.947,26.941,26.873,26.952,26.889,26.868,26.868,26.678,26.668,26.763,26.794,26.81,26.91,0.0,0.0,0.0,0.0,0.0,0.0,0.0,0.0,0.0,0.0,0.0,0.0,0.0,0.0,0.0,0.0,0.0,0.0,0.0,0.0,0.0,0.0,0.0,0.0,0.0
0.0,0.0,0.0,0.0,0.0,0.0,0.0,0.0,0.0,0.0,0.0,0.0,0.0,0.0,0.0,0.0,0.0,0.0,0.0,0.0,0.0,26.973,26.973,26.963,26.968,26.926,26.91,26.931,26.936,26.941,26.941,26.847,26.836,26.736,26.763,26.678,26.668,26.763,26.773,26.757,0.0,0.0,0.0,0.0,0.0,0.0,0.0,0.0,0.0,0.0,0.0,0.0,0.0,0.0,0.0,0.0,0.0,0.0,0.0,0.0,0.0,0.0,0.0,0.0,0.0,0.0
0.0,0.0,0.0,0.0,0.0,0.0,0.0,0.0,0.0,0.0,0.0,0.0,0.0,0.0,0.0,0.0,0.0,0.0,0.0,0.0,0.0,0.0,0.0,26.963,27.015,26.926,27.015,27.036,26.884,26.905,26.968,26.905,26.894,26.863,26.936,26.763,26.81,26.726,0.0,0.0,0.0,0.0,0.0,0.0,0.0,0.0,0.0,0.0,0.0,0.0,0.0,0.0,0.0,0.0,0.0,0.0,0.0,0.0,0.0,0.0,0.0,0.0,0.0,0.0,0.0,0.0
0.0,0.0,0.0,0.0,0.0,0.0,0.0,0.0,0.0,0.0,0.0,0.0,0.0,0.0,0.0,0.0,0.0,0.0,0.0,0.0,0.0,0.0,0.0,0.0,0.0,26.91,26.989,26.999,26.963,26.926,26.989,26.947,26.91,26.899,26.789,0.0,0.0,0.0,0.0,0.0,0.0,0.0,0.0,0.0,0.0,0.0,0.0,0.0,0.0,0.0,0.0,0.0,0.0,0.0,0.0,0.0,0.0,0.0,0.0,0.0,0.0,0.0,0.0,0.0,0.0,0.0
0.0,0.0,0.0,0.0,0.0,0.0,0.0,0.0,0.0,0.0,0.0,0.0,0.0,0.0,0.0,0.0,0.0,0.0,0.0,0.0,0.0,0.0,0.0,0.0,0.0,0.0,0.0,0.0,0.0,0.0,0.0,0.0,0.0,0.0,0.0,0.0,0.0,0.0,0.0,0.0,0.0,0.0,0.0,0.0,0.0,0.0,0.0,0.0,0.0,0.0,0.0,0.0,0.0,0.0,0.0,0.0,0.0,0.0,0.0,0.0,0.0,0.0,0.0,0.0,0.0,0.0
