0.0,0.0,0.0,0.0,0.0,0.0,0.0,0.0,0.0,0.0,0.0,0.0,0.0,0.0,0.0,0.0,0.0,0.0,0.0,0.0,0.0,0.0,0.0,0.0,0.0,0.0,0.0,0.0,0.0,0.0,0.0,0.0,0.0,0.0,0.0,0.0,0.0,0.0,0.0,0.0,0.0,0.0,0.0,0.0,0.0,0.0,0.0,0.0,0.0,0.0,0.0,0.0,0.0,0.0,0.0,0.0,0.0,0.0,0.0,0.0,0.0,0.0
0.0,0.0,0.0,0.0,0.0,0.0,0.0,0.0,0.0,0.0,0.0,0.0,0.0,0.0,0.0,0.0,0.0,0.0,31.997,32.293,32.269,32.234,32.246,32.482,32.234,0.0,0.0,0.0,0.0,0.0,0.0,0.0,0.0,0.0,0.0,0.0,0.0,0.0,0.0,0.0,0.0,0.0,0.0,0.0,0.0,0.0,0.0,0.0,0.0,0.0,0.0,0.0,0.0,0.0,0.0,0.0,0.0,0.0,0.0,0.0,0.0,0.0
0.0,0.0,0.0,0.0,0.0,0.0,0.0,0.0,0.0,0.0,0.0,0.0,0.0,0.0,0.0,0.0,0.0,32.175,32.411,32.517,32.552,32.576,32.576,32.646,32.564,32.411,0.0,0.0,0.0,0.0,0.0,0.0,0.0,0.0,0.0,0.0,0.0,0.0,0.0,0.0,0.0,0.0,0.0,0.0,0.0,0.0,0.0,0.0,0.0,0.0,0.0,0.0,0.0,0.0,0.0,0.0,0.0,0.0,0.0,0.0,0.0,0.0
0.0,0.0,0.0,0.0,0.0,0.0,0.0,0.0,0.0,0.0,0.0,0.0,0.0,0.0,0.0,32.611,32.646,32.564,32.529,32.541,32.623,32.67,32.67,32.646,32.67,32.552,32.257,0.0,0.0,0.0,0.0,0.0,0.0,0.0,0.0,0.0,0.0,0.0,0.0,0.0,0.0,0.0,0.0,0.0,0.0,0.0,0.0,0.0,0.0,0.0,0.0,0.0,0.0,0.0,0.0,0.0,0.0,0.0,0.0,0.0,0.0,0.0
0.0,0.0,0.0,0.0,0.0,0.0,0.0,0.0,0.0,0.0,0.0,0.0,0.0,0.0,32.576,32.788,32.752,32.67,32.635,32.658,32.752,32.799,32.788,32.752,32.646,32.529,32.34,0.0,0.0,0.0,0.0,0.0,0.0,0.0,0.0,0.0,0.0,0.0,0.0,0.0,0.0,0.0,0.0,0.0,0.0,0.0,0.0,0.0,0.0,0.0,0.0,0.0,0.0,0.0,0.0,0.0,0.0,0.0,0.0,0.0,0.0,0.0
0.0,0.0,0.0,0.0,0.0,0.0,0.0,0.0,0.0,0.0,0.0,0.0,0.0,32.67,32.788,32.764,32.741,32.717,32.717,32.764,32.823,32.835,32.799,32.729,32.599,32.517,32.399,32.234,32.033,31.796,31.582,31.535,31.653,0.0,0.0,0.0,0.0,0.0,0.0,0.0,0.0,0.0,0.0,0.0,0.0,0.0,0.0,0.0,0.0,0.0,0.0,0.0,0.0,0.0,0.0,0.0,0.0,0.0,0.0,0.0,0.0,0.0
0.0,0.0,0.0,0.0,0.0,0.0,0.0,0.0,0.0,0.0,0.0,0.0,32.588,32.788,32.811,32.788,32.799,32.799,32.823,32.835,32.858,32.811,32.729,32.658,32.588,32.505,32.375,32.387,32.517,32.588,32.552,32.423,32.257,32.151,32.127,32.08,0.0,0.0,0.0,0.0,0.0,0.0,0.0,0.0,0.0,0.0,0.0,0.0,0.0,0.0,0.0,0.0,0.0,0.0,0.0,0.0,0.0,0.0,0.0,0.0,0.0,0.0
0.0,0.0,0.0,0.0,0.0,0.0,0.0,0.0,0.0,0.0,0.0,32.529,32.741,32.776,32.776,32.776,32.811,32.835,32.858,32.87,32.87,32.799,32.694,32.623,32.623,32.493,32.305,32.34,32.564,32.682,32.611,32.493,32.352,32.269,32.234,32.187,32.056,0.0,0.0,0.0,0.0,0.0,0.0,0.0,0.0,0.0,0.0,0.0,0.0,0.0,0.0,0.0,0.0,0.0,0.0,0.0,0.0,0.0,0.0,0.0,0.0,0.0
0.0,0.0,0.0,0.0,0.0,0.0,0.0,0.0,0.0,0.0,0.0,32.541,32.717,32.776,32.764,32.752,32.788,32.823,32.846,32.87,32.87,32.811,32.705,32.646,32.552,32.423,32.257,32.316,32.588,32.694,32.588,32.47,32.364,32.293,32.234,32.151,32.033,31.962,0.0,0.0,0.0,0.0,0.0,0.0,0.0,0.0,0.0,0.0,0.0,0.0,0.0,0.0,0.0,0.0,0.0,0.0,0.0,0.0,0.0,0.0,0.0,0.0
0.0,0.0,0.0,0.0,0.0,0.0,0.0,0.0,0.0,0.0,32.399,32.482,32.658,32.741,32.752,32.764,32.799,32.823,32.835,32.846,32.846,32.788,32.67,32.599,32.399,32.305,32.222,32.364,32.682,32.799,32.67,32.541,32.434,32.328,32.222,32.127,32.056,32.021,31.867,0.0,0.0,0.0,0.0,0.0,0.0,0.0,0.0,0.0,0.0,0.0,0.0,0.0,0.0,0.0,0.0,0.0,0.0,0.0,0.0,0.0,0.0,0.0
0.0,0.0,0.0,0.0,0.0,0.0,0.0,0.0,0.0,0.0,32.434,32.493,32.623,32.705,32.764,32.799,32.835,32.846,32.835,32.835,32.823,32.741,32.599,32.482,32.316,32.246,32.21,32.399,32.752,32.87,32.705,32.552,32.446,32.34,32.21,32.139,32.08,32.045,31.879,0.0,0.0,0.0,0.0,0.0,0.0,0.0,0.0,0.0,0.0,0.0,0.0,0.0,0.0,0.0,0.0,0.0,0.0,0.0,0.0,0.0,0.0,0.0
0.0,0.0,0.0,0.0,0.0,0.0,0.0,0.0,0.0,32.222,32.411,32.505,32.611,32.705,32.788,32.835,32.846,32.846,32.823,32.811,32.799,32.705,32.552,32.411,32.34,32.257,32.21,32.423,32.799,32.905,32.705,32.529,32.434,32.34,32.234,32.187,32.151,32.092,31.926,31.356,0.0,0.0,0.0,0.0,0.0,0.0,0.0,0.0,0.0,0.0,0.0,0.0,0.0,0.0,0.0,0.0,0.0,0.0,0.0,0.0,0.0,0.0
0.0,0.0,0.0,0.0,0.0,0.0,0.0,0.0,0.0,32.234,32.399,32.493,32.611,32.717,32.811,32.846,32.835,32.811,32.811,32.799,32.764,32.67,32.541,32.423,32.387,32.305,32.257,32.47,32.858,32.952,32.717,32.517,32.434,32.352,32.269,32.222,32.21,32.175,32.08,31.748,31.261,0.0,0.0,0.0,0.0,0.0,0.0,0.0,0.0,0.0,0.0,0.0,0.0,0.0,0.0,0.0,0.0,0.0,0.0,0.0,0.0,0.0
0.0,0.0,0.0,0.0,0.0,0.0,0.0,0.0,0.0,32.246,32.375,32.458,32.564,32.67,32.788,32.835,32.811,32.799,32.823,32.799,32.752,32.67,32.576,32.482,32.47,32.387,32.352,32.564,32.94,33.011,32.752,32.552,32.482,32.399,32.399,32.316,32.257,32.257,32.293,32.328,32.257,32.08,31.997,0.0,0.0,0.0,0.0,0.0,0.0,0.0,0.0,0.0,0.0,0.0,0.0,0.0,0.0,0.0,0.0,0.0,0.0,0.0
0.0,0.0,0.0,0.0,0.0,0.0,0.0,0.0,31.748,32.139,32.257,32.352,32.399,32.458,32.576,32.729,32.811,32.799,32.811,32.835,32.823,32.764,32.694,32.635,32.611,32.529,32.493,32.541,32.717,32.975,32.999,32.776,32.635,32.611,32.564,32.493,32.446,32.446,32.482,32.517,32.529,32.482,32.399,32.257,32.139,0.0,0.0,0.0,0.0,0.0,0.0,0.0,0.0,0.0,0.0,0.0,0.0,0.0,0.0,0.0,0.0,0.0
0.0,0.0,0.0,0.0,0.0,0.0,0.0,0.0,31.997,32.269,32.293,32.34,32.387,32.47,32.588,32.717,32.788,32.776,32.788,32.823,32.811,32.764,32.705,32.682,32.658,32.588,32.623,32.764,32.893,32.952,32.917,32.799,32.752,32.788,32.799,32.776,32.741,32.729,32.682,32.599,32.529,32.482,32.411,32.328,32.316,32.21,0.0,0.0,0.0,0.0,0.0,0.0,0.0,0.0,0.0,0.0,0.0,0.0,0.0,0.0,0.0,0.0
0.0,0.0,0.0,0.0,0.0,0.0,0.0,0.0,32.151,32.364,32.34,32.352,32.411,32.552,32.682,32.752,32.764,32.741,32.752,32.788,32.788,32.752,32.729,32.717,32.752,32.694,32.729,32.858,32.917,32.905,32.882,32.858,32.882,32.929,32.964,32.964,32.917,32.811,32.694,32.588,32.493,32.423,32.375,32.352,32.364,32.305,31.867,0.0,0.0,0.0,0.0,0.0,0.0,0.0,0.0,0.0,0.0,0.0,0.0,0.0,0.0,0.0
0.0,0.0,0.0,0.0,0.0,0.0,0.0,0.0,32.187,32.352,32.34,32.364,32.446,32.564,32.67,32.729,32.729,32.694,32.694,32.741,32.764,32.764,32.776,32.788,32.846,32.799,32.776,32.776,32.799,32.823,32.87,32.94,32.975,32.999,33.022,33.022,32.893,32.682,32.541,32.505,32.47,32.423,32.411,32.411,32.387,32.305,32.139,0.0,0.0,0.0,0.0,0.0,0.0,0.0,0.0,0.0,0.0,0.0,0.0,0.0,0.0,0.0
0.0,0.0,0.0,0.0,0.0,0.0,0.0,0.0,32.139,32.246,32.281,32.387,32.446,32.493,32.552,32.635,32.658,32.646,32.658,32.705,32.764,32.823,32.858,32.858,32.776,32.729,32.67,32.623,32.611,32.658,32.741,32.846,32.929,32.975,32.964,32.882,32.752,32.599,32.505,32.47,32.446,32.423,32.423,32.446,32.399,32.269,32.234,32.009,0.0,0.0,0.0,0.0,0.0,0.0,0.0,0.0,0.0,0.0,0.0,0.0,0.0,0.0
0.0,0.0,0.0,0.0,0.0,0.0,0.0,31.713,32.104,32.175,32.234,32.352,32.434,32.446,32.482,32.529,32.564,32.599,32.658,32.752,32.858,32.952,32.952,32.858,32.552,32.482,32.446,32.423,32.411,32.423,32.482,32.588,32.729,32.858,32.799,32.588,32.517,32.611,32.611,32.517,32.446,32.434,32.446,32.458,32.399,32.269,32.234,32.033,0.0,0.0,0.0,0.0,0.0,0.0,0.0,0.0,0.0,0.0,0.0,0.0,0.0,0.0
0.0,0.0,0.0,0.0,0.0,0.0,0.0,32.068,32.116,32.151,32.198,32.305,32.399,32.458,32.47,32.458,32.482,32.588,32.717,32.87,33.022,33.128,33.022,32.752,32.446,32.387,32.352,32.316,32.293,32.269,32.281,32.34,32.446,32.564,32.517,32.352,32.399,32.67,32.752,32.623,32.505,32.47,32.458,32.458,32.423,32.34,32.293,32.08,0.0,0.0,0.0,0.0,0.0,0.0,0.0,0.0,0.0,0.0,0.0,0.0,0.0,0.0
0.0,0.0,0.0,0.0,0.0,0.0,32.151,32.187,32.092,32.139,32.21,32.293,32.387,32.482,32.517,32.517,32.564,32.658,32.788,32.917,33.046,33.093,32.952,32.658,32.482,32.434,32.375,32.293,32.234,32.187,32.163,32.139,32.151,32.175,32.187,32.198,32.399,32.729,32.858,32.741,32.623,32.552,32.493,32.47,32.47,32.47,32.411,32.222,31.843,0.0,0.0,0.0,0.0,0.0,0.0,0.0,0.0,0.0,0.0,0.0,0.0,0.0
0.0,0.0,0.0,0.0,0.0,0.0,32.068,32.092,32.056,32.151,32.246,32.34,32.423,32.493,32.588,32.705,32.776,32.788,32.823,32.882,32.905,32.882,32.764,32.599,32.458,32.399,32.316,32.21,32.127,32.068,32.045,32.033,32.009,31.962,31.997,32.127,32.375,32.67,32.823,32.811,32.776,32.729,32.67,32.611,32.564,32.541,32.446,32.293,32.281,32.234,0.0,0.0,0.0,0.0,0.0,0.0,0.0,0.0,0.0,0.0,0.0,0.0
0.0,0.0,0.0,0.0,0.0,0.0,31.974,32.033,32.08,32.198,32.305,32.399,32.458,32.517,32.623,32.764,32.835,32.823,32.799,32.776,32.741,32.694,32.623,32.529,32.352,32.257,32.163,32.068,31.985,31.926,31.938,32.009,32.009,31.962,31.997,32.127,32.293,32.47,32.646,32.788,32.905,32.975,32.952,32.835,32.682,32.529,32.387,32.269,32.246,32.175,32.293,0.0,0.0,0.0,0.0,0.0,0.0,0.0,0.0,0.0,0.0,0.0
0.0,0.0,0.0,0.0,0.0,31.855,31.962,32.08,32.187,32.293,32.387,32.458,32.517,32.564,32.623,32.694,32.741,32.752,32.705,32.623,32.588,32.599,32.564,32.458,32.269,32.187,32.092,32.009,31.938,31.891,31.914,31.997,32.033,32.009,32.033,32.116,32.21,32.316,32.446,32.599,32.846,33.116,33.163,32.964,32.729,32.505,32.34,32.246,32.198,32.269,32.399,32.411,0.0,0.0,0.0,0.0,0.0,0.0,0.0,0.0,0.0,0.0
0.0,0.0,0.0,0.0,0.0,31.95,31.997,32.163,32.281,32.387,32.47,32.529,32.576,32.623,32.646,32.646,32.658,32.694,32.635,32.529,32.493,32.541,32.505,32.387,32.222,32.21,32.139,32.033,31.974,31.974,31.985,31.997,32.021,32.045,32.056,32.08,32.127,32.222,32.269,32.328,32.635,33.104,33.233,32.975,32.694,32.493,32.34,32.234,32.222,32.281,32.34,32.316,31.772,0.0,0.0,0.0,0.0,0.0,0.0,0.0,0.0,0.0
0.0,0.0,0.0,0.0,0.0,31.985,32.068,32.234,32.375,32.47,32.541,32.599,32.646,32.682,32.682,32.658,32.658,32.67,32.611,32.505,32.482,32.517,32.458,32.316,32.222,32.21,32.163,32.056,32.021,32.045,32.033,31.974,31.985,32.045,32.08,32.08,32.116,32.175,32.187,32.163,32.423,32.882,33.093,32.975,32.764,32.564,32.399,32.293,32.257,32.234,32.234,32.198,31.82,0.0,0.0,0.0,0.0,0.0,0.0,0.0,0.0,0.0
0.0,0.0,0.0,0.0,31.725,31.974,32.127,32.269,32.399,32.517,32.588,32.635,32.67,32.682,32.694,32.682,32.682,32.67,32.611,32.505,32.482,32.505,32.446,32.305,32.257,32.198,32.127,32.056,32.045,32.08,32.056,31.95,31.95,32.033,32.104,32.127,32.151,32.187,32.175,32.151,32.269,32.529,32.776,32.952,32.917,32.694,32.505,32.411,32.316,32.293,32.234,32.163,31.867,0.0,0.0,0.0,0.0,0.0,0.0,0.0,0.0,0.0
0.0,0.0,0.0,0.0,31.653,31.962,32.151,32.257,32.387,32.529,32.611,32.635,32.646,32.658,32.67,32.705,32.717,32.694,32.623,32.517,32.482,32.493,32.446,32.352,32.269,32.198,32.127,32.056,32.045,32.092,32.068,31.974,31.962,32.045,32.127,32.187,32.234,32.246,32.222,32.175,32.175,32.257,32.482,32.788,32.905,32.788,32.646,32.541,32.423,32.446,32.352,32.198,31.974,31.546,0.0,0.0,0.0,0.0,0.0,0.0,0.0,0.0
0.0,0.0,0.0,31.487,31.665,31.974,32.175,32.269,32.375,32.529,32.623,32.646,32.646,32.658,32.694,32.741,32.752,32.717,32.646,32.541,32.482,32.446,32.411,32.34,32.269,32.246,32.175,32.08,32.045,32.08,32.068,32.033,32.033,32.092,32.163,32.246,32.316,32.352,32.316,32.222,32.151,32.139,32.281,32.517,32.717,32.799,32.764,32.635,32.529,32.423,32.281,32.116,31.985,31.76,0.0,0.0,0.0,0.0,0.0,0.0,0.0,0.0
0.0,0.0,0.0,31.653,31.772,32.009,32.187,32.293,32.411,32.529,32.611,32.658,32.682,32.705,32.741,32.764,32.764,32.729,32.67,32.576,32.482,32.387,32.328,32.293,32.281,32.269,32.21,32.127,32.068,32.068,32.068,32.068,32.092,32.127,32.187,32.269,32.352,32.411,32.387,32.293,32.198,32.151,32.187,32.316,32.493,32.67,32.729,32.658,32.541,32.222,32.045,31.95,31.891,31.82,31.642,0.0,0.0,0.0,0.0,0.0,0.0,0.0
0.0,0.0,0.0,31.76,31.867,32.056,32.21,32.328,32.434,32.517,32.599,32.646,32.694,32.717,32.752,32.764,32.752,32.717,32.646,32.564,32.47,32.375,32.316,32.305,32.328,32.269,32.222,32.175,32.116,32.056,32.045,32.08,32.116,32.163,32.198,32.257,32.34,32.434,32.446,32.387,32.316,32.246,32.21,32.222,32.305,32.446,32.552,32.576,32.446,32.116,31.938,31.867,31.843,31.808,31.855,0.0,0.0,0.0,0.0,0.0,0.0,0.0
0.0,0.0,31.606,31.796,31.926,32.08,32.234,32.364,32.446,32.505,32.564,32.623,32.67,32.682,32.705,32.741,32.717,32.67,32.588,32.505,32.446,32.423,32.399,32.364,32.34,32.257,32.21,32.198,32.151,32.068,32.045,32.068,32.104,32.151,32.198,32.257,32.34,32.446,32.493,32.458,32.399,32.316,32.234,32.175,32.187,32.269,32.375,32.458,32.364,32.175,32.033,31.926,31.843,31.76,31.784,31.737,0.0,0.0,0.0,0.0,0.0,0.0
0.0,0.0,31.57,31.808,31.962,32.104,32.234,32.375,32.458,32.505,32.552,32.599,32.635,32.646,32.67,32.694,32.67,32.611,32.517,32.423,32.399,32.434,32.434,32.399,32.328,32.246,32.198,32.198,32.163,32.104,32.056,32.045,32.068,32.127,32.198,32.269,32.364,32.47,32.517,32.493,32.423,32.328,32.234,32.175,32.151,32.163,32.234,32.34,32.328,32.328,32.21,32.033,31.891,31.831,31.808,31.725,0.0,0.0,0.0,0.0,0.0,0.0
0.0,0.0,31.511,31.784,31.974,32.104,32.234,32.364,32.47,32.529,32.564,32.588,32.599,32.611,32.623,32.635,32.623,32.564,32.458,32.352,32.316,32.387,32.411,32.387,32.316,32.234,32.198,32.198,32.163,32.116,32.068,32.056,32.068,32.116,32.187,32.293,32.387,32.47,32.505,32.505,32.434,32.328,32.246,32.198,32.139,32.092,32.139,32.257,32.328,32.482,32.411,32.139,31.997,32.009,31.985,31.831,31.535,0.0,0.0,0.0,0.0,0.0
0.0,31.297,31.511,31.796,31.985,32.092,32.187,32.316,32.434,32.541,32.588,32.564,32.564,32.599,32.611,32.599,32.564,32.505,32.399,32.281,32.257,32.316,32.364,32.364,32.316,32.246,32.198,32.187,32.151,32.116,32.092,32.104,32.104,32.116,32.187,32.316,32.399,32.434,32.47,32.482,32.434,32.34,32.269,32.234,32.163,32.068,32.068,32.187,32.352,32.47,32.47,32.269,32.139,32.116,32.045,31.867,31.689,0.0,0.0,0.0,0.0,0.0
0.0,31.392,31.582,31.831,31.985,32.056,32.139,32.234,32.375,32.541,32.588,32.541,32.541,32.599,32.623,32.576,32.517,32.446,32.352,32.257,32.222,32.257,32.305,32.34,32.281,32.234,32.198,32.175,32.139,32.092,32.08,32.104,32.116,32.139,32.198,32.305,32.375,32.399,32.423,32.446,32.423,32.34,32.269,32.234,32.163,32.08,32.056,32.116,32.281,32.269,32.375,32.375,32.293,32.139,31.997,31.843,31.737,0.0,0.0,0.0,0.0,0.0
0.0,31.451,31.63,31.855,31.997,32.068,32.127,32.21,32.328,32.47,32.529,32.493,32.517,32.576,32.588,32.529,32.47,32.411,32.34,32.257,32.234,32.257,32.293,32.305,32.222,32.198,32.175,32.151,32.116,32.068,32.056,32.056,32.104,32.163,32.222,32.257,32.305,32.34,32.387,32.423,32.399,32.328,32.246,32.187,32.139,32.116,32.068,32.033,32.116,32.269,32.234,32.375,32.375,32.222,32.08,31.938,31.82,0.0,0.0,0.0,0.0,0.0
0.0,31.463,31.653,31.879,32.021,32.116,32.175,32.234,32.293,32.364,32.423,32.458,32.493,32.517,32.505,32.47,32.434,32.399,32.352,32.281,32.281,32.316,32.316,32.269,32.187,32.163,32.139,32.104,32.068,32.033,32.021,32.033,32.092,32.175,32.21,32.222,32.246,32.305,32.352,32.375,32.352,32.269,32.198,32.151,32.116,32.104,32.056,31.985,31.997,32.08,32.08,32.08,32.281,32.375,32.328,32.257,32.127,31.903,0.0,0.0,0.0,0.0
0.0,31.201,31.511,31.677,31.879,32.021,32.139,32.222,32.269,32.305,32.34,32.387,32.434,32.47,32.493,32.482,32.458,32.434,32.411,32.364,32.316,32.305,32.328,32.305,32.198,32.163,32.139,32.104,32.045,32.009,31.985,31.997,32.045,32.104,32.163,32.187,32.198,32.222,32.269,32.305,32.305,32.269,32.187,32.139,32.116,32.092,32.056,32.009,31.974,31.95,31.891,31.962,32.116,32.21,32.222,32.198,32.104,31.808,0.0,0.0,0.0,0.0
0.0,31.285,31.57,31.713,31.867,31.997,32.139,32.234,32.281,32.34,32.399,32.423,32.434,32.47,32.517,32.517,32.493,32.458,32.434,32.399,32.352,32.305,32.269,32.234,32.151,32.116,32.092,32.045,32.009,31.985,31.974,31.997,32.068,32.104,32.127,32.163,32.198,32.234,32.234,32.234,32.246,32.198,32.127,32.104,32.116,32.092,32.033,31.985,31.962,31.926,31.879,31.891,31.938,31.95,31.914,31.903,31.855,31.558,0.0,0.0,0.0,0.0
0.0,31.332,31.606,31.737,31.867,31.997,32.139,32.246,32.305,32.352,32.411,32.434,32.423,32.47,32.541,32.564,32.529,32.493,32.47,32.423,32.364,32.281,32.21,32.175,32.092,32.056,32.021,31.997,31.997,31.997,31.997,32.021,32.092,32.104,32.092,32.127,32.222,32.246,32.187,32.163,32.187,32.163,32.104,32.092,32.116,32.104,32.033,31.974,31.938,31.903,31.843,31.82,31.82,31.796,31.737,31.701,31.618,31.297,0.0,0.0,0.0,0.0
0.0,31.32,31.606,31.725,31.867,31.997,32.151,32.246,32.293,32.328,32.364,32.387,32.411,32.47,32.552,32.576,32.552,32.517,32.493,32.446,32.352,32.257,32.175,32.127,32.056,32.021,31.985,31.985,31.997,32.009,32.009,32.033,32.068,32.08,32.068,32.104,32.187,32.198,32.139,32.116,32.139,32.127,32.092,32.08,32.092,32.08,32.033,31.974,31.914,31.867,31.784,31.772,31.772,31.772,31.748,31.665,31.463,31.094,0.0,0.0,0.0,0.0
0.0,31.308,31.582,31.701,31.831,31.95,32.092,32.187,32.234,32.269,32.316,32.364,32.399,32.458,32.505,32.529,32.529,32.505,32.482,32.423,32.34,32.246,32.151,32.08,32.021,32.009,32.009,32.009,32.009,32.009,32.009,32.009,32.021,32.033,32.056,32.08,32.092,32.104,32.104,32.104,32.092,32.08,32.08,32.056,32.033,32.009,32.009,31.962,31.879,31.82,31.737,31.725,31.748,31.784,31.784,31.689,31.463,31.106,0.0,0.0,0.0,0.0
0.0,31.273,31.546,31.653,31.76,31.867,31.997,32.08,32.139,32.198,32.281,32.352,32.399,32.423,32.423,32.434,32.47,32.47,32.434,32.387,32.328,32.246,32.139,32.056,32.021,32.009,31.997,31.997,31.997,31.997,32.009,32.009,31.997,32.021,32.045,32.045,32.021,32.033,32.08,32.092,32.056,32.045,32.045,32.009,31.974,31.962,31.985,31.95,31.867,31.796,31.725,31.713,31.748,31.796,31.796,31.76,31.594,31.297,30.687,0.0,0.0,0.0
0.0,31.237,31.499,31.594,31.713,31.808,31.914,31.997,32.068,32.151,32.257,32.34,32.375,32.375,32.375,32.399,32.458,32.458,32.399,32.364,32.328,32.257,32.151,32.068,32.056,32.009,31.962,31.95,31.974,31.985,31.985,31.997,32.021,32.033,32.033,32.021,31.997,32.009,32.056,32.08,32.045,32.009,31.974,31.95,31.938,31.938,31.938,31.926,31.879,31.796,31.748,31.76,31.796,31.831,31.82,31.784,31.677,31.463,30.95,0.0,0.0,0.0
0.0,31.189,31.439,31.546,31.689,31.796,31.867,31.938,32.033,32.139,32.246,32.293,32.305,32.328,32.375,32.423,32.47,32.458,32.411,32.364,32.316,32.257,32.175,32.104,32.092,32.033,31.95,31.926,31.962,31.974,31.95,31.95,31.985,32.009,32.021,32.021,31.997,32.009,32.045,32.033,31.997,31.962,31.962,31.938,31.903,31.891,31.891,31.867,31.831,31.784,31.796,31.843,31.879,31.867,31.82,31.76,31.677,31.546,31.177,29.905,0.0,0.0
0.0,31.118,31.38,31.487,31.642,31.737,31.808,31.891,31.997,32.104,32.21,32.257,32.257,32.281,32.352,32.399,32.446,32.434,32.411,32.375,32.34,32.269,32.175,32.116,32.116,32.08,31.974,31.938,31.974,31.962,31.903,31.879,31.891,31.938,32.009,32.033,32.021,32.009,32.009,31.974,31.914,31.914,31.962,31.95,31.879,31.831,31.82,31.784,31.737,31.737,31.796,31.867,31.891,31.867,31.796,31.748,31.701,31.618,31.356,30.327,0.0,0.0
0.0,30.998,31.332,31.439,31.546,31.63,31.737,31.843,31.938,32.045,32.139,32.198,32.234,32.257,32.281,32.328,32.375,32.387,32.387,32.375,32.364,32.281,32.139,32.08,32.068,32.033,31.95,31.903,31.926,31.914,31.867,31.831,31.831,31.891,31.974,32.021,32.009,31.985,31.95,31.903,31.855,31.867,31.914,31.914,31.843,31.796,31.772,31.737,31.677,31.701,31.748,31.808,31.82,31.808,31.76,31.748,31.737,31.689,31.463,30.639,0.0,0.0
0.0,30.807,31.261,31.416,31.475,31.546,31.689,31.796,31.879,31.974,32.08,32.151,32.175,32.21,32.246,32.281,32.293,32.328,32.375,32.387,32.364,32.257,32.116,32.045,31.962,31.914,31.867,31.843,31.831,31.82,31.82,31.82,31.808,31.843,31.903,31.95,31.95,31.926,31.867,31.843,31.831,31.831,31.82,31.808,31.784,31.772,31.748,31.701,31.642,31.665,31.63,31.677,31.725,31.737,31.713,31.713,31.713,31.665,31.451,30.831,29.724,0.0
0.0,30.543,31.165,31.416,31.451,31.499,31.653,31.76,31.831,31.926,32.033,32.08,32.092,32.151,32.246,32.269,32.234,32.269,32.375,32.387,32.305,32.198,32.104,32.021,31.903,31.831,31.808,31.784,31.748,31.748,31.772,31.772,31.772,31.784,31.82,31.867,31.879,31.855,31.808,31.784,31.784,31.76,31.725,31.713,31.725,31.725,31.713,31.677,31.606,31.594,31.475,31.523,31.618,31.665,31.642,31.642,31.642,31.57,31.368,30.879,30.026,0.0
0.0,0.0,31.058,31.416,31.463,31.499,31.618,31.713,31.784,31.855,31.938,31.974,31.985,32.068,32.21,32.257,32.21,32.246,32.352,32.352,32.246,32.151,32.104,32.009,31.879,31.796,31.772,31.737,31.701,31.689,31.713,31.713,31.701,31.713,31.737,31.772,31.796,31.796,31.76,31.725,31.701,31.677,31.653,31.642,31.642,31.653,31.665,31.63,31.558,31.499,31.404,31.439,31.523,31.546,31.523,31.511,31.511,31.463,31.285,30.903,30.183,0.0
0.0,0.0,30.927,31.416,31.499,31.523,31.594,31.665,31.737,31.784,31.82,31.831,31.867,31.974,32.139,32.234,32.234,32.257,32.305,32.269,32.175,32.116,32.104,32.021,31.855,31.76,31.701,31.665,31.618,31.618,31.653,31.665,31.653,31.642,31.665,31.701,31.748,31.748,31.713,31.665,31.618,31.582,31.582,31.582,31.582,31.582,31.594,31.57,31.511,31.451,31.428,31.416,31.416,31.392,31.344,31.332,31.368,31.356,31.237,30.903,30.219,0.0
0.0,0.0,30.819,31.416,31.511,31.523,31.57,31.618,31.689,31.737,31.748,31.772,31.82,31.914,32.068,32.175,32.222,32.246,32.257,32.234,32.163,32.116,32.08,31.997,31.82,31.701,31.606,31.546,31.535,31.546,31.594,31.606,31.606,31.594,31.606,31.642,31.701,31.713,31.677,31.606,31.546,31.499,31.487,31.499,31.511,31.511,31.499,31.487,31.487,31.463,31.416,31.368,31.308,31.249,31.237,31.237,31.249,31.261,31.165,30.867,30.207,0.0
0.0,0.0,30.699,31.392,31.487,31.487,31.535,31.594,31.665,31.713,31.76,31.796,31.843,31.914,31.997,32.092,32.163,32.21,32.222,32.21,32.175,32.116,32.021,31.926,31.82,31.63,31.499,31.451,31.475,31.499,31.499,31.511,31.535,31.535,31.535,31.546,31.582,31.582,31.546,31.511,31.463,31.428,31.392,31.38,31.392,31.404,31.392,31.404,31.416,31.428,31.356,31.297,31.189,31.142,31.201,31.225,31.189,31.165,31.082,30.795,30.171,0.0
0.0,0.0,0.0,31.285,31.451,31.487,31.558,31.594,31.63,31.677,31.737,31.796,31.855,31.914,31.974,32.045,32.116,32.139,32.116,32.104,32.08,32.033,31.926,31.831,31.748,31.535,31.38,31.356,31.439,31.451,31.38,31.38,31.428,31.451,31.428,31.404,31.392,31.38,31.368,31.368,31.38,31.356,31.297,31.261,31.237,31.249,31.285,31.308,31.308,31.332,31.261,31.225,31.106,31.07,31.13,31.153,31.094,31.07,31.022,30.759,30.147,0.0
0.0,0.0,0.0,31.094,31.404,31.523,31.606,31.618,31.606,31.63,31.689,31.76,31.831,31.903,31.962,32.021,32.068,32.045,31.962,31.903,31.891,31.855,31.808,31.737,31.653,31.428,31.297,31.273,31.356,31.368,31.285,31.249,31.297,31.308,31.297,31.285,31.273,31.249,31.249,31.249,31.261,31.261,31.213,31.165,31.118,31.118,31.177,31.201,31.177,31.201,31.13,31.13,31.058,31.022,31.034,31.022,30.974,30.986,30.974,30.735,30.123,0.0
0.0,0.0,0.0,0.0,31.332,31.499,31.594,31.606,31.57,31.582,31.665,31.725,31.772,31.831,31.914,31.974,31.985,31.926,31.831,31.748,31.725,31.701,31.677,31.63,31.558,31.332,31.225,31.189,31.225,31.225,31.189,31.153,31.13,31.13,31.153,31.189,31.213,31.213,31.189,31.165,31.142,31.13,31.13,31.106,31.046,31.034,31.07,31.07,31.022,31.046,31.046,31.058,30.986,30.939,30.927,30.915,30.891,30.915,30.927,30.675,30.002,0.0
0.0,0.0,0.0,0.0,31.213,31.416,31.523,31.535,31.535,31.57,31.653,31.701,31.689,31.725,31.82,31.867,31.855,31.808,31.737,31.665,31.606,31.57,31.558,31.523,31.439,31.237,31.165,31.13,31.142,31.142,31.118,31.07,31.01,30.986,31.022,31.082,31.13,31.153,31.118,31.082,31.046,31.034,31.034,31.022,30.986,30.974,30.986,30.974,30.939,30.962,30.998,30.986,30.903,30.843,30.843,30.843,30.843,30.879,30.879,30.555,29.797,0.0
0.0,0.0,0.0,0.0,30.95,31.261,31.416,31.475,31.523,31.57,31.63,31.653,31.63,31.642,31.713,31.748,31.737,31.701,31.653,31.594,31.523,31.487,31.463,31.428,31.332,31.165,31.118,31.106,31.118,31.094,31.046,30.986,30.939,30.915,30.927,30.974,31.022,31.046,31.022,30.998,30.974,30.95,30.927,30.915,30.927,30.927,30.915,30.903,30.903,30.939,30.915,30.903,30.843,30.807,30.819,30.831,30.843,30.879,30.843,30.447,0.0,0.0
0.0,0.0,0.0,0.0,0.0,31.034,31.285,31.428,31.535,31.582,31.582,31.582,31.582,31.594,31.606,31.63,31.642,31.618,31.582,31.523,31.475,31.428,31.404,31.332,31.237,31.142,31.082,31.046,31.034,30.998,30.962,30.927,30.903,30.879,30.879,30.891,30.915,30.915,30.879,30.867,30.879,30.867,30.831,30.831,30.855,30.855,30.819,30.819,30.831,30.867,30.783,30.807,30.831,30.843,30.831,30.843,30.855,30.891,30.843,30.351,0.0,0.0
0.0,0.0,0.0,0.0,0.0,30.831,31.118,31.308,31.463,31.523,31.523,31.511,31.523,31.535,31.546,31.546,31.546,31.523,31.475,31.439,31.416,31.38,31.332,31.273,31.201,31.165,31.082,30.986,30.891,30.867,30.891,30.891,30.867,30.843,30.855,30.843,30.819,30.771,30.711,30.711,30.747,30.771,30.759,30.759,30.771,30.759,30.711,30.711,30.723,30.759,30.699,30.747,30.819,30.855,30.843,30.843,30.867,30.927,30.867,30.231,0.0,0.0
0.0,0.0,0.0,0.0,0.0,30.663,30.95,31.13,31.308,31.416,31.451,31.463,31.451,31.475,31.511,31.499,31.451,31.404,31.356,31.344,31.344,31.308,31.249,31.213,31.201,31.13,31.034,30.939,30.855,30.819,30.831,30.819,30.771,30.759,30.783,30.771,30.723,30.663,30.627,30.615,30.639,30.663,30.663,30.663,30.663,30.651,30.627,30.627,30.663,30.687,30.687,30.735,30.807,30.831,30.819,30.831,30.867,30.95,30.891,30.062,0.0,0.0
0.0,0.0,0.0,0.0,0.0,30.591,30.831,30.974,31.142,31.285,31.392,31.439,31.451,31.463,31.487,31.463,31.392,31.332,31.297,31.285,31.273,31.249,31.201,31.177,31.177,31.034,30.962,30.915,30.903,30.855,30.783,30.699,30.651,30.639,30.663,30.663,30.627,30.603,30.603,30.591,30.567,30.543,30.531,30.531,30.543,30.555,30.555,30.579,30.639,30.675,30.651,30.711,30.807,30.831,30.807,30.819,30.855,30.939,30.879,29.881,0.0,0.0
0.0,0.0,0.0,0.0,0.0,0.0,30.795,30.867,31.01,31.165,31.344,31.451,31.487,31.487,31.475,31.428,31.356,31.356,31.308,31.285,31.261,31.225,31.201,31.177,31.153,31.058,30.986,30.927,30.903,30.915,30.867,30.735,30.639,30.591,30.555,30.555,30.555,30.555,30.555,30.555,30.531,30.495,30.447,30.399,30.411,30.447,30.483,30.495,30.531,30.579,30.543,30.591,30.675,30.795,30.843,30.819,30.831,30.843,30.903,0.0,0.0,0.0
0.0,0.0,0.0,0.0,0.0,0.0,30.591,30.795,30.855,30.962,31.106,31.297,31.416,31.451,31.463,31.463,31.404,31.32,31.273,31.285,31.261,31.213,31.177,31.153,31.118,31.058,30.998,30.927,30.879,30.867,30.807,30.699,30.639,30.603,30.543,30.471,30.459,30.507,30.507,30.471,30.435,30.423,30.375,30.303,30.315,30.387,30.447,30.459,30.483,30.507,30.507,30.567,30.663,30.759,30.807,30.783,30.795,30.807,30.819,0.0,0.0,0.0
0.0,0.0,0.0,0.0,0.0,0.0,0.0,30.807,30.915,30.986,31.094,31.237,31.332,31.356,31.38,31.416,31.38,31.285,31.249,31.273,31.273,31.237,31.177,31.13,31.094,31.058,31.022,30.95,30.879,30.807,30.735,30.663,30.627,30.603,30.543,30.447,30.399,30.411,30.411,30.375,30.351,30.339,30.315,30.279,30.303,30.363,30.399,30.423,30.435,30.459,30.519,30.591,30.651,30.711,30.723,30.699,30.723,30.747,30.687,0.0,0.0,0.0
0.0,0.0,0.0,0.0,0.0,0.0,0.0,30.711,30.891,31.01,31.094,31.189,31.249,31.273,31.32,31.38,31.38,31.297,31.273,31.308,31.308,31.273,31.213,31.142,31.094,31.07,31.022,30.974,30.891,30.771,30.675,30.615,30.603,30.603,30.555,30.459,30.363,30.291,30.279,30.303,30.291,30.267,30.279,30.327,30.351,30.351,30.351,30.375,30.411,30.459,30.507,30.567,30.615,30.663,30.675,30.663,30.687,30.675,30.423,0.0,0.0,0.0
0.0,0.0,0.0,0.0,0.0,0.0,0.0,30.507,30.795,30.974,31.082,31.142,31.177,31.225,31.285,31.356,31.38,31.344,31.344,31.368,31.368,31.332,31.261,31.189,31.13,31.07,31.022,30.974,30.879,30.735,30.651,30.615,30.603,30.591,30.543,30.471,30.363,30.267,30.231,30.267,30.267,30.243,30.255,30.315,30.339,30.327,30.303,30.315,30.363,30.435,30.459,30.495,30.555,30.627,30.675,30.687,30.687,30.567,0.0,0.0,0.0,0.0
0.0,0.0,0.0,0.0,0.0,0.0,0.0,30.327,30.711,30.915,31.034,31.082,31.13,31.177,31.237,31.32,31.368,31.392,31.404,31.428,31.404,31.356,31.285,31.213,31.142,31.07,31.022,30.95,30.843,30.723,30.663,30.663,30.627,30.567,30.507,30.459,30.399,30.327,30.291,30.279,30.279,30.267,30.267,30.267,30.279,30.291,30.291,30.267,30.303,30.399,30.447,30.495,30.543,30.591,30.639,30.663,30.615,30.399,0.0,0.0,0.0,0.0
0.0,0.0,0.0,0.0,0.0,0.0,0.0,30.183,30.651,30.843,30.95,31.022,31.07,31.13,31.201,31.285,31.368,31.416,31.451,31.463,31.428,31.368,31.285,31.189,31.13,31.118,31.046,30.939,30.843,30.771,30.735,30.723,30.663,30.567,30.507,30.471,30.435,30.387,30.327,30.267,30.255,30.279,30.279,30.243,30.255,30.303,30.315,30.303,30.327,30.399,30.483,30.555,30.579,30.555,30.567,30.567,30.483,30.171,0.0,0.0,0.0,0.0
0.0,0.0,0.0,0.0,0.0,0.0,0.0,0.0,30.591,30.795,30.891,30.974,31.034,31.094,31.177,31.273,31.356,31.428,31.475,31.475,31.439,31.368,31.285,31.213,31.165,31.189,31.082,30.95,30.879,30.855,30.831,30.771,30.699,30.603,30.543,30.507,30.471,30.423,30.351,30.243,30.231,30.279,30.303,30.279,30.303,30.351,30.387,30.411,30.435,30.447,30.543,30.579,30.579,30.543,30.519,30.471,30.363,30.038,0.0,0.0,0.0,0.0
0.0,0.0,0.0,0.0,0.0,0.0,0.0,0.0,30.531,30.759,30.867,30.939,30.998,31.058,31.153,31.261,31.356,31.416,31.463,31.475,31.439,31.368,31.308,31.273,31.237,31.189,31.082,30.986,30.939,30.95,30.915,30.831,30.747,30.663,30.603,30.555,30.531,30.507,30.435,30.327,30.303,30.351,30.375,30.363,30.375,30.423,30.471,30.495,30.507,30.519,30.603,30.579,30.555,30.543,30.495,30.399,30.279,29.942,0.0,0.0,0.0,0.0
0.0,0.0,0.0,0.0,0.0,0.0,0.0,0.0,30.459,30.699,30.807,30.891,30.962,31.046,31.153,31.261,31.344,31.392,31.416,31.428,31.392,31.32,31.297,31.308,31.285,31.13,31.046,31.022,31.022,31.01,30.974,30.891,30.807,30.747,30.675,30.615,30.591,30.603,30.579,30.507,30.483,30.495,30.495,30.459,30.471,30.519,30.543,30.543,30.555,30.603,30.639,30.579,30.531,30.519,30.483,30.375,30.098,0.0,0.0,0.0,0.0,0.0
0.0,0.0,0.0,0.0,0.0,0.0,0.0,0.0,30.387,30.627,30.747,30.843,30.939,31.058,31.165,31.273,31.332,31.344,31.356,31.38,31.344,31.261,31.261,31.32,31.273,31.118,31.034,31.046,31.058,31.034,30.986,30.915,30.855,30.819,30.771,30.711,30.675,30.675,30.663,30.651,30.627,30.579,30.543,30.531,30.555,30.603,30.627,30.639,30.651,30.663,30.663,30.591,30.531,30.483,30.471,30.363,29.833,0.0,0.0,0.0,0.0,0.0
0.0,0.0,0.0,0.0,0.0,0.0,0.0,0.0,30.387,30.627,30.747,30.855,30.962,31.07,31.177,31.285,31.332,31.32,31.32,31.344,31.32,31.261,31.261,31.32,31.261,31.153,31.07,31.046,31.034,31.022,30.974,30.915,30.879,30.891,30.867,30.819,30.759,30.699,30.699,30.735,30.711,30.603,30.555,30.591,30.627,30.663,30.711,30.759,30.771,30.723,30.687,30.615,30.543,30.471,30.447,30.327,29.615,0.0,0.0,0.0,0.0,0.0
0.0,0.0,0.0,0.0,0.0,0.0,0.0,0.0,30.459,30.699,30.831,30.939,31.022,31.094,31.189,31.297,31.344,31.32,31.32,31.344,31.344,31.32,31.308,31.32,31.261,31.189,31.118,31.07,31.046,31.046,31.01,30.95,30.927,30.95,30.95,30.927,30.867,30.795,30.783,30.831,30.795,30.687,30.651,30.687,30.711,30.699,30.735,30.795,30.807,30.759,30.723,30.651,30.567,30.471,30.411,30.255,0.0,0.0,0.0,0.0,0.0,0.0
0.0,0.0,0.0,0.0,0.0,0.0,0.0,29.821,30.579,30.783,30.903,31.022,31.082,31.118,31.189,31.285,31.32,31.308,31.32,31.344,31.344,31.32,31.308,31.308,31.261,31.201,31.153,31.118,31.106,31.106,31.07,31.022,31.01,31.022,31.022,31.022,30.998,30.962,30.939,30.927,30.891,30.843,30.831,30.855,30.819,30.747,30.723,30.759,30.783,30.771,30.795,30.735,30.627,30.483,30.351,30.11,0.0,0.0,0.0,0.0,0.0,0.0
0.0,0.0,0.0,0.0,0.0,0.0,0.0,30.026,30.699,30.855,30.95,31.07,31.142,31.165,31.189,31.237,31.273,31.285,31.308,31.344,31.32,31.273,31.249,31.285,31.261,31.213,31.177,31.153,31.142,31.13,31.106,31.07,31.07,31.082,31.106,31.106,31.106,31.094,31.058,31.022,30.998,30.986,30.986,30.986,30.939,30.843,30.795,30.807,30.819,30.819,30.867,30.843,30.735,30.519,30.291,29.93,0.0,0.0,0.0,0.0,0.0,0.0
0.0,0.0,0.0,0.0,0.0,0.0,0.0,30.207,30.795,30.903,30.962,31.058,31.118,31.153,31.189,31.225,31.261,31.297,31.32,31.332,31.308,31.237,31.225,31.261,31.261,31.213,31.177,31.165,31.142,31.118,31.106,31.094,31.118,31.142,31.177,31.177,31.177,31.153,31.142,31.118,31.106,31.106,31.094,31.082,31.034,30.986,30.95,30.95,30.927,30.891,30.95,30.915,30.807,30.567,30.291,29.845,0.0,0.0,0.0,0.0,0.0,0.0
0.0,0.0,0.0,0.0,0.0,0.0,0.0,30.339,30.831,30.939,30.962,30.998,31.034,31.106,31.165,31.225,31.285,31.332,31.344,31.332,31.297,31.249,31.237,31.261,31.249,31.201,31.177,31.177,31.165,31.13,31.13,31.142,31.165,31.177,31.201,31.225,31.213,31.189,31.177,31.201,31.201,31.177,31.165,31.153,31.13,31.094,31.07,31.058,31.034,30.974,31.022,30.939,30.819,30.639,30.363,29.857,0.0,0.0,0.0,0.0,0.0,0.0
0.0,0.0,0.0,0.0,0.0,0.0,29.761,30.447,30.855,30.974,31.01,31.034,31.058,31.106,31.177,31.249,31.32,31.356,31.356,31.332,31.297,31.273,31.261,31.273,31.249,31.201,31.177,31.201,31.201,31.177,31.189,31.225,31.225,31.201,31.201,31.237,31.237,31.189,31.201,31.261,31.273,31.225,31.201,31.213,31.201,31.177,31.142,31.118,31.094,31.07,31.046,30.962,30.855,30.675,30.315,0.0,0.0,0.0,0.0,0.0,0.0,0.0
0.0,0.0,0.0,0.0,0.0,0.0,30.014,30.531,30.855,30.998,31.094,31.165,31.177,31.165,31.201,31.273,31.332,31.368,31.368,31.344,31.32,31.308,31.297,31.297,31.261,31.201,31.189,31.225,31.249,31.237,31.261,31.285,31.285,31.237,31.225,31.273,31.273,31.225,31.237,31.308,31.332,31.285,31.261,31.273,31.261,31.237,31.201,31.165,31.13,31.094,31.034,30.998,30.891,30.651,30.159,0.0,0.0,0.0,0.0,0.0,0.0,0.0
0.0,0.0,0.0,0.0,0.0,29.591,30.291,30.651,30.867,31.022,31.13,31.225,31.249,31.213,31.225,31.285,31.332,31.344,31.356,31.356,31.344,31.32,31.308,31.308,31.261,31.225,31.213,31.249,31.285,31.308,31.332,31.344,31.32,31.285,31.285,31.32,31.32,31.285,31.285,31.332,31.368,31.356,31.344,31.32,31.308,31.297,31.249,31.189,31.118,31.058,30.998,30.986,30.867,30.579,29.978,0.0,0.0,0.0,0.0,0.0,0.0,0.0
0.0,0.0,0.0,0.0,0.0,29.93,30.555,30.795,30.915,31.01,31.106,31.213,31.249,31.237,31.249,31.285,31.297,31.297,31.32,31.368,31.356,31.32,31.297,31.297,31.273,31.297,31.285,31.32,31.356,31.368,31.368,31.368,31.368,31.344,31.332,31.344,31.332,31.308,31.308,31.32,31.344,31.38,31.392,31.38,31.356,31.32,31.261,31.165,31.082,31.022,30.974,30.927,30.783,30.483,29.821,0.0,0.0,0.0,0.0,0.0,0.0,0.0
0.0,0.0,0.0,0.0,0.0,30.159,30.723,30.867,30.939,31.022,31.094,31.177,31.225,31.237,31.249,31.273,31.273,31.273,31.308,31.356,31.356,31.32,31.308,31.344,31.332,31.392,31.392,31.428,31.428,31.392,31.38,31.392,31.392,31.392,31.356,31.32,31.297,31.297,31.285,31.261,31.285,31.344,31.392,31.416,31.392,31.32,31.225,31.118,31.046,30.998,30.915,30.855,30.687,30.363,0.0,0.0,0.0,0.0,0.0,0.0,0.0,0.0
0.0,0.0,0.0,0.0,0.0,30.255,30.747,30.891,30.962,31.046,31.106,31.153,31.189,31.213,31.237,31.261,31.273,31.273,31.308,31.344,31.344,31.32,31.344,31.416,31.428,31.439,31.463,31.475,31.463,31.404,31.392,31.404,31.416,31.392,31.356,31.308,31.285,31.285,31.261,31.237,31.249,31.285,31.332,31.38,31.356,31.285,31.189,31.082,31.01,30.962,30.855,30.771,30.603,30.243,0.0,0.0,0.0,0.0,0.0,0.0,0.0,0.0
0.0,0.0,0.0,0.0,0.0,30.303,30.759,30.879,30.95,31.046,31.106,31.142,31.165,31.201,31.237,31.261,31.273,31.273,31.285,31.32,31.344,31.344,31.368,31.404,31.439,31.416,31.463,31.475,31.451,31.416,31.404,31.416,31.416,31.38,31.344,31.32,31.297,31.285,31.261,31.237,31.237,31.237,31.249,31.285,31.273,31.213,31.153,31.082,30.998,30.915,30.795,30.675,30.483,30.123,0.0,0.0,0.0,0.0,0.0,0.0,0.0,0.0
0.0,0.0,0.0,0.0,0.0,30.315,30.759,30.867,30.939,31.034,31.094,31.13,31.165,31.201,31.225,31.261,31.273,31.249,31.261,31.297,31.332,31.368,31.356,31.332,31.356,31.404,31.451,31.451,31.439,31.428,31.428,31.428,31.416,31.392,31.368,31.344,31.32,31.297,31.273,31.249,31.213,31.189,31.189,31.213,31.201,31.165,31.106,31.046,30.974,30.891,30.795,30.567,30.351,30.002,0.0,0.0,0.0,0.0,0.0,0.0,0.0,0.0
0.0,0.0,0.0,0.0,0.0,30.315,30.747,30.843,30.903,30.998,31.07,31.106,31.142,31.165,31.201,31.237,31.249,31.237,31.237,31.273,31.32,31.38,31.368,31.285,31.297,31.392,31.439,31.439,31.439,31.451,31.451,31.451,31.439,31.439,31.428,31.404,31.368,31.344,31.32,31.285,31.237,31.189,31.153,31.153,31.189,31.177,31.13,31.07,31.01,30.95,30.879,30.759,30.543,30.291,0.0,0.0,0.0,0.0,0.0,0.0,0.0,0.0
0.0,0.0,0.0,0.0,0.0,29.591,30.303,30.723,30.807,30.879,30.962,31.022,31.058,31.082,31.118,31.153,31.177,31.201,31.213,31.213,31.225,31.285,31.38,31.38,31.308,31.344,31.404,31.439,31.428,31.439,31.475,31.487,31.475,31.463,31.451,31.416,31.368,31.332,31.32,31.273,31.213,31.165,31.13,31.13,31.153,31.142,31.106,31.046,30.998,30.95,30.879,30.783,30.603,30.279,0.0,0.0,0.0,0.0,0.0,0.0,0.0,0.0
0.0,0.0,0.0,0.0,0.0,29.652,30.291,30.663,30.735,30.819,30.939,31.01,31.01,31.034,31.082,31.13,31.153,31.177,31.201,31.213,31.213,31.261,31.332,31.356,31.332,31.38,31.428,31.439,31.439,31.463,31.499,31.511,31.487,31.475,31.451,31.416,31.356,31.32,31.285,31.237,31.177,31.142,31.106,31.094,31.106,31.094,31.082,31.058,31.01,30.962,30.891,30.807,30.639,30.195,0.0,0.0,0.0,0.0,0.0,0.0,0.0,0.0
0.0,0.0,0.0,0.0,0.0,29.724,30.279,30.579,30.639,30.747,30.927,30.998,30.974,30.986,31.046,31.106,31.153,31.177,31.201,31.213,31.213,31.237,31.273,31.308,31.344,31.356,31.392,31.428,31.451,31.487,31.535,31.535,31.511,31.487,31.475,31.451,31.392,31.332,31.285,31.237,31.189,31.142,31.106,31.082,31.082,31.094,31.094,31.082,31.034,30.986,30.903,30.807,30.615,30.002,0.0,0.0,0.0,0.0,0.0,0.0,0.0,0.0
0.0,0.0,0.0,0.0,0.0,29.773,30.255,30.507,30.579,30.687,30.843,30.915,30.915,30.95,31.01,31.07,31.094,31.13,31.165,31.189,31.225,31.249,31.273,31.297,31.332,31.297,31.332,31.38,31.451,31.511,31.558,31.558,31.511,31.511,31.535,31.523,31.451,31.38,31.32,31.285,31.249,31.189,31.13,31.094,31.118,31.13,31.13,31.106,31.07,30.998,30.903,30.807,30.567,0.0,0.0,0.0,0.0,0.0,0.0,0.0,0.0,0.0
0.0,0.0,0.0,0.0,0.0,29.773,30.219,30.471,30.567,30.639,30.699,30.771,30.831,30.891,30.95,30.974,30.998,31.022,31.07,31.142,31.225,31.297,31.344,31.344,31.308,31.297,31.32,31.368,31.439,31.499,31.546,31.558,31.523,31.535,31.582,31.582,31.523,31.439,31.368,31.32,31.308,31.261,31.189,31.142,31.142,31.142,31.13,31.118,31.082,31.022,30.915,30.771,30.483,0.0,0.0,0.0,0.0,0.0,0.0,0.0,0.0,0.0
0.0,0.0,0.0,0.0,0.0,29.688,30.171,30.447,30.555,30.591,30.603,30.651,30.735,30.795,30.819,30.831,30.843,30.891,30.962,31.058,31.165,31.273,31.356,31.368,31.32,31.368,31.368,31.38,31.416,31.451,31.499,31.535,31.546,31.558,31.594,31.594,31.57,31.499,31.404,31.356,31.368,31.344,31.285,31.225,31.165,31.13,31.106,31.106,31.094,31.046,30.927,30.735,30.387,0.0,0.0,0.0,0.0,0.0,0.0,0.0,0.0,0.0
0.0,0.0,0.0,0.0,0.0,29.555,30.11,30.435,30.519,30.531,30.543,30.567,30.627,30.651,30.639,30.639,30.687,30.759,30.855,30.95,31.058,31.165,31.285,31.344,31.368,31.392,31.392,31.404,31.428,31.451,31.475,31.511,31.546,31.57,31.594,31.606,31.606,31.558,31.463,31.416,31.428,31.428,31.392,31.32,31.237,31.177,31.153,31.13,31.094,31.034,30.903,30.663,30.267,0.0,0.0,0.0,0.0,0.0,0.0,0.0,0.0,0.0
0.0,0.0,0.0,0.0,0.0,29.519,30.11,30.435,30.483,30.471,30.483,30.495,30.531,30.519,30.495,30.507,30.579,30.675,30.771,30.867,30.962,31.058,31.177,31.273,31.356,31.344,31.38,31.428,31.475,31.487,31.487,31.499,31.523,31.558,31.594,31.618,31.642,31.606,31.523,31.475,31.475,31.487,31.475,31.439,31.356,31.297,31.249,31.189,31.094,30.998,30.867,30.555,0.0,0.0,0.0,0.0,0.0,0.0,0.0,0.0,0.0,0.0
0.0,0.0,0.0,0.0,0.0,29.555,30.147,30.435,30.435,30.411,30.411,30.423,30.435,30.423,30.411,30.447,30.543,30.639,30.723,30.807,30.903,30.986,31.058,31.153,31.273,31.285,31.344,31.416,31.475,31.499,31.487,31.487,31.523,31.546,31.582,31.606,31.63,31.606,31.523,31.487,31.499,31.511,31.535,31.511,31.451,31.38,31.332,31.237,31.094,30.986,30.855,30.399,0.0,0.0,0.0,0.0,0.0,0.0,0.0,0.0,0.0,0.0
0.0,0.0,0.0,0.0,0.0,0.0,30.098,30.411,30.399,30.351,30.351,30.363,30.375,30.375,30.375,30.423,30.507,30.603,30.675,30.747,30.831,30.915,30.986,31.082,31.189,31.201,31.297,31.38,31.439,31.463,31.451,31.463,31.523,31.546,31.546,31.57,31.606,31.57,31.475,31.439,31.475,31.511,31.546,31.546,31.499,31.428,31.356,31.249,31.094,30.998,30.867,30.159,0.0,0.0,0.0,0.0,0.0,0.0,0.0,0.0,0.0,0.0
0.0,0.0,0.0,0.0,0.0,0.0,29.966,30.363,30.375,30.315,30.303,30.315,30.351,30.375,30.387,30.411,30.471,30.531,30.615,30.687,30.759,30.855,30.962,31.058,31.13,31.177,31.273,31.344,31.392,31.416,31.416,31.451,31.511,31.546,31.535,31.546,31.558,31.523,31.451,31.428,31.463,31.499,31.511,31.523,31.499,31.439,31.356,31.249,31.13,31.01,30.819,29.869,0.0,0.0,0.0,0.0,0.0,0.0,0.0,0.0,0.0,0.0
0.0,0.0,0.0,0.0,0.0,0.0,29.918,30.327,30.351,30.303,30.291,30.303,30.339,30.375,30.387,30.399,30.423,30.483,30.555,30.639,30.747,30.867,30.974,31.058,31.106,31.177,31.273,31.32,31.344,31.356,31.38,31.428,31.499,31.535,31.535,31.523,31.511,31.499,31.475,31.463,31.463,31.463,31.451,31.451,31.439,31.404,31.32,31.249,31.165,31.01,30.675,29.603,0.0,0.0,0.0,0.0,0.0,0.0,0.0,0.0,0.0,0.0
0.0,0.0,0.0,0.0,0.0,0.0,29.954,30.327,30.327,30.291,30.303,30.327,30.351,30.363,30.363,30.363,30.399,30.447,30.507,30.615,30.771,30.903,30.998,31.07,31.118,31.201,31.249,31.297,31.332,31.344,31.356,31.392,31.451,31.499,31.511,31.487,31.451,31.439,31.451,31.451,31.439,31.416,31.38,31.356,31.344,31.32,31.273,31.213,31.106,30.903,30.519,0.0,0.0,0.0,0.0,0.0,0.0,0.0,0.0,0.0,0.0,0.0
0.0,0.0,0.0,0.0,0.0,0.0,29.99,30.291,30.303,30.291,30.327,30.339,30.339,30.327,30.327,30.339,30.387,30.435,30.483,30.603,30.771,30.891,30.962,31.034,31.118,31.201,31.225,31.273,31.344,31.368,31.332,31.344,31.404,31.451,31.463,31.439,31.392,31.368,31.392,31.392,31.38,31.356,31.32,31.273,31.225,31.201,31.201,31.13,30.962,30.735,30.363,0.0,0.0,0.0,0.0,0.0,0.0,0.0,0.0,0.0,0.0,0.0
0.0,0.0,0.0,0.0,0.0,29.603,30.014,30.219,30.255,30.291,30.339,30.339,30.291,30.267,30.291,30.339,30.387,30.447,30.495,30.603,30.735,30.819,30.867,30.962,31.106,31.177,31.189,31.249,31.344,31.38,31.356,31.356,31.392,31.428,31.439,31.416,31.356,31.332,31.344,31.344,31.332,31.297,31.261,31.213,31.153,31.13,31.118,31.046,30.879,30.651,30.267,0.0,0.0,0.0,0.0,0.0,0.0,0.0,0.0,0.0,0.0,0.0
0.0,0.0,0.0,0.0,0.0,29.785,30.062,30.183,30.219,30.267,30.315,30.303,30.255,30.231,30.267,30.315,30.375,30.447,30.507,30.603,30.711,30.771,30.795,30.903,31.07,31.177,31.177,31.237,31.332,31.38,31.392,31.404,31.428,31.451,31.451,31.428,31.38,31.344,31.332,31.308,31.285,31.249,31.201,31.165,31.13,31.082,31.034,30.974,30.867,30.651,30.219,0.0,0.0,0.0,0.0,0.0,0.0,0.0,0.0,0.0,0.0,0.0
0.0,0.0,0.0,0.0,0.0,29.905,30.11,30.183,30.207,30.219,30.255,30.255,30.231,30.219,30.255,30.291,30.351,30.423,30.519,30.615,30.687,30.735,30.771,30.867,31.022,31.13,31.165,31.225,31.32,31.392,31.451,31.475,31.475,31.475,31.475,31.451,31.428,31.392,31.356,31.32,31.285,31.249,31.201,31.13,31.07,31.01,30.974,30.903,30.771,30.507,30.014,0.0,0.0,0.0,0.0,0.0,0.0,0.0,0.0,0.0,0.0,0.0
0.0,0.0,0.0,0.0,0.0,29.99,30.135,30.159,30.183,30.195,30.219,30.231,30.231,30.231,30.255,30.291,30.363,30.435,30.519,30.591,30.663,30.723,30.783,30.891,31.022,31.118,31.153,31.213,31.32,31.428,31.499,31.535,31.523,31.499,31.475,31.475,31.487,31.463,31.416,31.368,31.332,31.297,31.237,31.13,30.986,30.939,30.939,30.843,30.615,30.243,0.0,0.0,0.0,0.0,0.0,0.0,0.0,0.0,0.0,0.0,0.0,0.0
0.0,0.0,0.0,0.0,0.0,30.014,30.11,30.11,30.135,30.171,30.219,30.243,30.255,30.255,30.267,30.315,30.399,30.459,30.507,30.567,30.627,30.723,30.831,30.95,31.07,31.13,31.189,31.237,31.32,31.416,31.499,31.546,31.546,31.535,31.499,31.499,31.523,31.511,31.463,31.428,31.392,31.344,31.273,31.165,31.046,30.998,30.986,30.855,30.531,30.038,0.0,0.0,0.0,0.0,0.0,0.0,0.0,0.0,0.0,0.0,0.0,0.0
0.0,0.0,0.0,0.0,0.0,29.93,30.074,30.11,30.123,30.159,30.231,30.267,30.279,30.279,30.291,30.327,30.387,30.435,30.471,30.531,30.615,30.723,30.855,30.974,31.082,31.153,31.225,31.285,31.32,31.368,31.439,31.499,31.546,31.546,31.523,31.511,31.511,31.511,31.499,31.475,31.439,31.38,31.308,31.261,31.225,31.177,31.094,30.915,30.567,29.942,0.0,0.0,0.0,0.0,0.0,0.0,0.0,0.0,0.0,0.0,0.0,0.0
0.0,0.0,0.0,0.0,0.0,29.761,30.038,30.147,30.147,30.171,30.231,30.279,30.291,30.315,30.327,30.339,30.339,30.363,30.411,30.495,30.615,30.735,30.843,30.95,31.058,31.153,31.249,31.32,31.356,31.392,31.428,31.475,31.523,31.535,31.523,31.511,31.523,31.535,31.546,31.535,31.499,31.451,31.392,31.332,31.297,31.237,31.13,30.962,30.651,29.881,0.0,0.0,0.0,0.0,0.0,0.0,0.0,0.0,0.0,0.0,0.0,0.0
0.0,0.0,0.0,0.0,0.0,29.628,30.002,30.147,30.147,30.159,30.219,30.267,30.279,30.303,30.315,30.315,30.303,30.327,30.387,30.483,30.603,30.711,30.783,30.879,31.01,31.13,31.225,31.344,31.416,31.463,31.475,31.475,31.487,31.499,31.499,31.511,31.535,31.57,31.594,31.594,31.57,31.535,31.475,31.38,31.249,31.153,31.07,30.974,30.711,29.809,0.0,0.0,0.0,0.0,0.0,0.0,0.0,0.0,0.0,0.0,0.0,0.0
0.0,0.0,0.0,0.0,0.0,29.555,29.966,30.123,30.123,30.123,30.171,30.219,30.243,30.255,30.267,30.279,30.303,30.339,30.399,30.471,30.579,30.651,30.711,30.807,30.927,31.07,31.165,31.308,31.404,31.475,31.499,31.499,31.475,31.487,31.511,31.535,31.546,31.57,31.606,31.606,31.582,31.546,31.499,31.416,31.273,31.153,31.034,30.903,30.603,0.0,0.0,0.0,0.0,0.0,0.0,0.0,0.0,0.0,0.0,0.0,0.0,0.0
0.0,0.0,0.0,0.0,0.0,0.0,29.942,30.123,30.123,30.11,30.123,30.159,30.207,30.243,30.267,30.279,30.291,30.327,30.387,30.471,30.567,30.639,30.675,30.747,30.855,30.998,31.082,31.213,31.32,31.404,31.487,31.511,31.475,31.499,31.57,31.582,31.546,31.535,31.57,31.582,31.535,31.487,31.451,31.416,31.356,31.237,31.034,30.759,30.315,0.0,0.0,0.0,0.0,0.0,0.0,0.0,0.0,0.0,0.0,0.0,0.0,0.0
0.0,0.0,0.0,0.0,0.0,0.0,29.918,30.147,30.147,30.11,30.086,30.123,30.195,30.267,30.303,30.303,30.279,30.291,30.363,30.459,30.579,30.663,30.687,30.723,30.807,30.927,31.022,31.13,31.237,31.344,31.439,31.475,31.451,31.475,31.546,31.57,31.523,31.523,31.546,31.535,31.487,31.439,31.38,31.356,31.332,31.213,30.962,30.591,30.014,0.0,0.0,0.0,0.0,0.0,0.0,0.0,0.0,0.0,0.0,0.0,0.0,0.0
0.0,0.0,0.0,0.0,0.0,0.0,0.0,29.893,30.147,30.147,30.11,30.086,30.11,30.171,30.243,30.303,30.327,30.291,30.303,30.375,30.459,30.555,30.615,30.663,30.711,30.783,30.879,30.974,31.07,31.177,31.285,31.38,31.416,31.404,31.416,31.463,31.487,31.499,31.511,31.523,31.511,31.463,31.404,31.332,31.273,31.201,31.07,30.843,30.399,0.0,0.0,0.0,0.0,0.0,0.0,0.0,0.0,0.0,0.0,0.0,0.0,0.0
0.0,0.0,0.0,0.0,0.0,0.0,0.0,29.845,30.123,30.123,30.098,30.123,30.135,30.135,30.171,30.255,30.315,30.315,30.363,30.435,30.471,30.483,30.531,30.615,30.699,30.795,30.855,30.915,31.01,31.142,31.249,31.308,31.356,31.38,31.392,31.404,31.428,31.451,31.475,31.487,31.463,31.416,31.344,31.273,31.189,31.082,30.986,30.807,0.0,0.0,0.0,0.0,0.0,0.0,0.0,0.0,0.0,0.0,0.0,0.0,0.0,0.0
0.0,0.0,0.0,0.0,0.0,0.0,0.0,29.809,30.123,30.11,30.098,30.135,30.135,30.11,30.135,30.219,30.291,30.339,30.399,30.459,30.483,30.471,30.519,30.603,30.699,30.795,30.831,30.867,30.962,31.118,31.213,31.261,31.308,31.368,31.392,31.404,31.404,31.404,31.416,31.428,31.404,31.332,31.273,31.213,31.13,31.022,30.962,30.819,0.0,0.0,0.0,0.0,0.0,0.0,0.0,0.0,0.0,0.0,0.0,0.0,0.0,0.0
0.0,0.0,0.0,0.0,0.0,0.0,0.0,29.785,30.159,30.135,30.086,30.11,30.11,30.123,30.147,30.195,30.267,30.339,30.399,30.447,30.483,30.543,30.591,30.663,30.723,30.783,30.843,30.879,30.974,31.106,31.201,31.225,31.261,31.308,31.344,31.356,31.332,31.297,31.308,31.344,31.344,31.273,31.213,31.153,31.082,30.974,30.915,30.735,0.0,0.0,0.0,0.0,0.0,0.0,0.0,0.0,0.0,0.0,0.0,0.0,0.0,0.0
0.0,0.0,0.0,0.0,0.0,0.0,0.0,0.0,30.159,30.135,30.074,30.086,30.11,30.135,30.159,30.183,30.243,30.327,30.387,30.435,30.507,30.603,30.675,30.723,30.759,30.807,30.903,30.95,31.022,31.118,31.177,31.201,31.213,31.225,31.249,31.261,31.237,31.165,31.165,31.237,31.273,31.249,31.189,31.106,31.034,30.939,30.807,0.0,0.0,0.0,0.0,0.0,0.0,0.0,0.0,0.0,0.0,0.0,0.0,0.0,0.0,0.0
0.0,0.0,0.0,0.0,0.0,0.0,0.0,0.0,30.123,30.123,30.074,30.086,30.11,30.135,30.159,30.171,30.219,30.303,30.375,30.447,30.555,30.663,30.735,30.771,30.795,30.855,30.95,31.022,31.082,31.118,31.153,31.189,31.201,31.213,31.225,31.225,31.177,31.118,31.106,31.153,31.201,31.225,31.177,31.07,31.022,30.95,30.639,0.0,0.0,0.0,0.0,0.0,0.0,0.0,0.0,0.0,0.0,0.0,0.0,0.0,0.0,0.0
0.0,0.0,0.0,0.0,0.0,0.0,0.0,0.0,30.098,30.123,30.062,30.062,30.074,30.135,30.171,30.207,30.255,30.327,30.411,30.483,30.579,30.699,30.759,30.783,30.819,30.879,30.986,31.07,31.118,31.13,31.142,31.189,31.237,31.285,31.285,31.237,31.189,31.153,31.13,31.13,31.165,31.201,31.177,31.07,31.034,30.962,0.0,0.0,0.0,0.0,0.0,0.0,0.0,0.0,0.0,0.0,0.0,0.0,0.0,0.0,0.0,0.0
0.0,0.0,0.0,0.0,0.0,0.0,0.0,0.0,0.0,30.123,30.05,30.014,30.026,30.098,30.183,30.255,30.339,30.423,30.483,30.531,30.603,30.699,30.759,30.783,30.819,30.891,30.998,31.094,31.153,31.165,31.177,31.201,31.261,31.32,31.32,31.285,31.249,31.225,31.201,31.177,31.189,31.213,31.201,31.13,31.046,30.831,0.0,0.0,0.0,0.0,0.0,0.0,0.0,0.0,0.0,0.0,0.0,0.0,0.0,0.0,0.0,0.0
0.0,0.0,0.0,0.0,0.0,0.0,0.0,0.0,0.0,30.062,30.014,29.978,30.002,30.098,30.195,30.279,30.375,30.471,30.531,30.555,30.603,30.663,30.711,30.747,30.807,30.903,30.998,31.082,31.165,31.237,31.249,31.225,31.237,31.297,31.332,31.332,31.308,31.297,31.285,31.297,31.273,31.225,31.225,31.225,30.998,0.0,0.0,0.0,0.0,0.0,0.0,0.0,0.0,0.0,0.0,0.0,0.0,0.0,0.0,0.0,0.0,0.0
0.0,0.0,0.0,0.0,0.0,0.0,0.0,0.0,0.0,29.905,29.954,29.978,30.026,30.135,30.207,30.267,30.351,30.483,30.543,30.555,30.567,30.615,30.663,30.711,30.795,30.903,30.986,31.082,31.165,31.237,31.249,31.225,31.237,31.297,31.32,31.32,31.32,31.344,31.368,31.368,31.32,31.225,31.249,31.273,0.0,0.0,0.0,0.0,0.0,0.0,0.0,0.0,0.0,0.0,0.0,0.0,0.0,0.0,0.0,0.0,0.0,0.0
0.0,0.0,0.0,0.0,0.0,0.0,0.0,0.0,0.0,0.0,29.966,30.002,30.05,30.159,30.219,30.255,30.339,30.459,30.531,30.531,30.543,30.579,30.627,30.699,30.783,30.891,30.95,31.07,31.153,31.177,31.189,31.201,31.249,31.297,31.297,31.261,31.273,31.356,31.392,31.368,31.297,31.201,31.201,31.13,0.0,0.0,0.0,0.0,0.0,0.0,0.0,0.0,0.0,0.0,0.0,0.0,0.0,0.0,0.0,0.0,0.0,0.0
0.0,0.0,0.0,0.0,0.0,0.0,0.0,0.0,0.0,0.0,30.014,30.062,30.074,30.171,30.231,30.267,30.339,30.435,30.495,30.507,30.519,30.555,30.615,30.711,30.795,30.855,30.927,31.046,31.118,31.142,31.165,31.189,31.249,31.308,31.308,31.261,31.261,31.32,31.356,31.332,31.32,31.261,30.986,0.0,0.0,0.0,0.0,0.0,0.0,0.0,0.0,0.0,0.0,0.0,0.0,0.0,0.0,0.0,0.0,0.0,0.0,0.0
0.0,0.0,0.0,0.0,0.0,0.0,0.0,0.0,0.0,0.0,0.0,30.11,30.135,30.207,30.255,30.303,30.363,30.435,30.483,30.507,30.519,30.555,30.603,30.687,30.759,30.831,30.915,30.986,31.07,31.13,31.177,31.189,31.237,31.308,31.332,31.308,31.273,31.261,31.249,31.261,31.308,31.261,0.0,0.0,0.0,0.0,0.0,0.0,0.0,0.0,0.0,0.0,0.0,0.0,0.0,0.0,0.0,0.0,0.0,0.0,0.0,0.0
0.0,0.0,0.0,0.0,0.0,0.0,0.0,0.0,0.0,0.0,0.0,30.123,30.219,30.267,30.303,30.363,30.411,30.459,30.495,30.519,30.555,30.567,30.591,30.627,30.711,30.819,30.879,30.962,31.034,31.118,31.165,31.177,31.201,31.249,31.285,31.285,31.261,31.213,31.213,31.213,30.998,0.0,0.0,0.0,0.0,0.0,0.0,0.0,0.0,0.0,0.0,0.0,0.0,0.0,0.0,0.0,0.0,0.0,0.0,0.0,0.0,0.0
0.0,0.0,0.0,0.0,0.0,0.0,0.0,0.0,0.0,0.0,0.0,0.0,30.387,30.387,30.375,30.435,30.471,30.483,30.507,30.543,30.579,30.591,30.591,30.603,30.663,30.783,30.831,30.95,31.034,31.106,31.142,31.142,31.153,31.153,31.165,31.189,31.189,31.153,31.153,31.046,0.0,0.0,0.0,0.0,0.0,0.0,0.0,0.0,0.0,0.0,0.0,0.0,0.0,0.0,0.0,0.0,0.0,0.0,0.0,0.0,0.0,0.0
0.0,0.0,0.0,0.0,0.0,0.0,0.0,0.0,0.0,0.0,0.0,0.0,30.459,30.495,30.447,30.507,30.519,30.507,30.519,30.567,30.603,30.615,30.615,30.627,30.663,30.735,30.831,30.939,31.022,31.07,31.106,31.118,31.118,31.118,31.153,31.213,31.189,31.022,30.687,0.0,0.0,0.0,0.0,0.0,0.0,0.0,0.0,0.0,0.0,0.0,0.0,0.0,0.0,0.0,0.0,0.0,0.0,0.0,0.0,0.0,0.0,0.0
0.0,0.0,0.0,0.0,0.0,0.0,0.0,0.0,0.0,0.0,0.0,0.0,0.0,30.327,30.543,30.567,30.543,30.543,30.567,30.603,30.639,30.651,30.651,30.663,30.687,30.747,30.867,30.927,30.986,31.034,31.058,31.07,31.082,31.094,31.165,31.225,31.082,0.0,0.0,0.0,0.0,0.0,0.0,0.0,0.0,0.0,0.0,0.0,0.0,0.0,0.0,0.0,0.0,0.0,0.0,0.0,0.0,0.0,0.0,0.0,0.0,0.0
0.0,0.0,0.0,0.0,0.0,0.0,0.0,0.0,0.0,0.0,0.0,0.0,0.0,0.0,30.471,30.531,30.519,30.579,30.627,30.651,30.675,30.699,30.699,30.699,30.723,30.795,30.879,30.903,30.962,31.046,31.094,31.094,31.082,31.034,30.891,0.0,0.0,0.0,0.0,0.0,0.0,0.0,0.0,0.0,0.0,0.0,0.0,0.0,0.0,0.0,0.0,0.0,0.0,0.0,0.0,0.0,0.0,0.0,0.0,0.0,0.0,0.0
0.0,0.0,0.0,0.0,0.0,0.0,0.0,0.0,0.0,0.0,0.0,0.0,0.0,0.0,0.0,0.0,30.459,30.687,30.771,30.759,30.747,30.759,30.759,30.747,30.771,30.831,30.807,30.807,30.879,31.01,31.07,31.034,30.939,0.0,0.0,0.0,0.0,0.0,0.0,0.0,0.0,0.0,0.0,0.0,0.0,0.0,0.0,0.0,0.0,0.0,0.0,0.0,0.0,0.0,0.0,0.0,0.0,0.0,0.0,0.0,0.0,0.0
0.0,0.0,0.0,0.0,0.0,0.0,0.0,0.0,0.0,0.0,0.0,0.0,0.0,0.0,0.0,0.0,0.0,0.0,0.0,30.759,30.723,30.747,30.759,30.747,30.759,30.795,30.591,30.519,30.531,30.579,30.471,0.0,0.0,0.0,0.0,0.0,0.0,0.0,0.0,0.0,0.0,0.0,0.0,0.0,0.0,0.0,0.0,0.0,0.0,0.0,0.0,0.0,0.0,0.0,0.0,0.0,0.0,0.0,0.0,0.0,0.0,0.0
0.0,0.0,0.0,0.0,0.0,0.0,0.0,0.0,0.0,0.0,0.0,0.0,0.0,0.0,0.0,0.0,0.0,0.0,0.0,0.0,0.0,0.0,0.0,0.0,0.0,0.0,0.0,0.0,0.0,0.0,0.0,0.0,0.0,0.0,0.0,0.0,0.0,0.0,0.0,0.0,0.0,0.0,0.0,0.0,0.0,0.0,0.0,0.0,0.0,0.0,0.0,0.0,0.0,0.0,0.0,0.0,0.0,0.0,0.0,0.0,0.0,0.0
